"Business Name","Owner Name","Email","Phone","City","County","Type","Website","Has Email","Outreach Channel","Subject","Body","Notes"
"Truly Kleen of Fort Myers","Unknown","contacttrulykleen@gmail.com","(239) 412-4633","Fort Myers","Lee","Both","https://truly-kleen.com/","Yes","Email","Running a cleaning company in Fort Myers — 2-minute ask","Hi there,

I know your inbox is full, so I'll keep this short.

I'm Chris Kendig with Clean Scheduler. We're building scheduling software specifically for residential and commercial cleaning companies — crew schedules, quotes, payments, the day-to-day stuff that usually lives in texts, spreadsheets, and sticky notes. I'm reaching out to owner-operated shops in Fort Myers and Lee County because I want real feedback from people who actually run the routes, not a focus group.

I noticed you're locally owned and covering Lee and Collier — that kind of ground game is exactly who we're trying to learn from.

Would you be open to trying Clean Scheduler for a short stretch and telling me what works and what doesn't? No pitch deck, no hard sell — just your honest take. If after that you decide to stick with it, I'll lock in 10% off your subscription for life on any plan. That offer is my way of saying thank you for the time and the feedback.

If now's a bad time, a one-line ""not interested"" is totally fine. If you're curious, reply to this email or call/text me at (630) 335-7492 and I'll get you set up.

Thanks for reading,
Chris Kendig
Founder/Lead Developer
Clean Scheduler
chris@cleanscheduler.com
(630) 335-7492",""
"Bruna's Sparkling Cleaning","Bruna","brunasparklingcleaning@gmail.com","(239) 204-8880","Fort Myers","Lee","Both","https://www.brunasclean.com/","Yes","Email","Not a sales pitch — feedback ask for Bruna's Sparkling Cleaning","Hi Bruna,

I know your inbox is full, so I'll keep this short.

I'm Chris Kendig with Clean Scheduler. We're building scheduling software specifically for residential and commercial cleaning companies — crew schedules, quotes, payments, the day-to-day stuff that usually lives in texts, spreadsheets, and sticky notes. I'm reaching out to owner-operated shops in Fort Myers and Lee County because I want real feedback from people who actually run the routes, not a focus group.

Your name is on the door and you're covering a wide SWFL footprint — I'd value hearing how you keep schedules and crews straight day to day.

Would you be open to trying Clean Scheduler for a short stretch and telling me what works and what doesn't? No pitch deck, no hard sell — just your honest take. If after that you decide to stick with it, I'll lock in 10% off your subscription for life on any plan. That offer is my way of saying thank you for the time and the feedback.

If now's a bad time, a one-line ""not interested"" is totally fine. If you're curious, reply to this email or call/text me at (630) 335-7492 and I'll get you set up.

Thanks for reading,
Chris Kendig
Founder/Lead Developer
Clean Scheduler
chris@cleanscheduler.com
(630) 335-7492",""
"Flor Cleaning","Flor","noworries@florcleaning.com","(239) 561-6414","Fort Myers","Lee","Both","https://www.florcleaning.com/","Yes","Email","Quick question for Flor Cleaning","Hi Flor,

I know your inbox is full, so I'll keep this short.

I'm Chris Kendig with Clean Scheduler. We're building scheduling software specifically for residential and commercial cleaning companies — crew schedules, quotes, payments, the day-to-day stuff that usually lives in texts, spreadsheets, and sticky notes. I'm reaching out to owner-operated shops in Fort Myers and Lee County because I want real feedback from people who actually run the routes, not a focus group.

Twenty years in Fort Myers says you've seen every scheduling headache there is. I'd love your blunt take on whether our tool helps or gets in the way.

Would you be open to trying Clean Scheduler for a short stretch and telling me what works and what doesn't? No pitch deck, no hard sell — just your honest take. If after that you decide to stick with it, I'll lock in 10% off your subscription for life on any plan. That offer is my way of saying thank you for the time and the feedback.

If now's a bad time, a one-line ""not interested"" is totally fine. If you're curious, reply to this email or call/text me at (630) 335-7492 and I'll get you set up.

Thanks for reading,
Chris Kendig
Founder/Lead Developer
Clean Scheduler
chris@cleanscheduler.com
(630) 335-7492",""
"Nature's Broom of Southwest Florida","Unknown","naturesbroomswfl@gmail.com","(239) 410-8907","Fort Myers","Lee","Both","https://naturesbroomswfl.com/","Yes","Email","Quick question for Nature's Broom of Southwest Florida","Hi there,

I know your inbox is full, so I'll keep this short.

I'm Chris Kendig with Clean Scheduler. We're building scheduling software specifically for residential and commercial cleaning companies — crew schedules, quotes, payments, the day-to-day stuff that usually lives in texts, spreadsheets, and sticky notes. I'm reaching out to owner-operated shops in Fort Myers and Lee County because I want real feedback from people who actually run the routes, not a focus group.

Family-run eco cleaning is a different rhythm than a big franchise — that's the perspective I'm after.

Would you be open to trying Clean Scheduler for a short stretch and telling me what works and what doesn't? No pitch deck, no hard sell — just your honest take. If after that you decide to stick with it, I'll lock in 10% off your subscription for life on any plan. That offer is my way of saying thank you for the time and the feedback.

If now's a bad time, a one-line ""not interested"" is totally fine. If you're curious, reply to this email or call/text me at (630) 335-7492 and I'll get you set up.

Thanks for reading,
Chris Kendig
Founder/Lead Developer
Clean Scheduler
chris@cleanscheduler.com
(630) 335-7492",""
"Green Pro Cleaning","Unknown","greenprocleaningswfl@gmail.com","(239) 878-8197","Fort Myers","Lee","Both","https://www.greenprocleaningswfl.com/","Yes","Email","Running a cleaning company in Fort Myers — 2-minute ask","Hi there,

I know your inbox is full, so I'll keep this short.

I'm Chris Kendig with Clean Scheduler. We're building scheduling software specifically for residential and commercial cleaning companies — crew schedules, quotes, payments, the day-to-day stuff that usually lives in texts, spreadsheets, and sticky notes. I'm reaching out to owner-operated shops in Fort Myers and Lee County because I want real feedback from people who actually run the routes, not a focus group.

You're already spanning Lee, Collier, and Charlotte — coordinating that without drowning in admin is hard. Curious what your current system looks like.

Would you be open to trying Clean Scheduler for a short stretch and telling me what works and what doesn't? No pitch deck, no hard sell — just your honest take. If after that you decide to stick with it, I'll lock in 10% off your subscription for life on any plan. That offer is my way of saying thank you for the time and the feedback.

If now's a bad time, a one-line ""not interested"" is totally fine. If you're curious, reply to this email or call/text me at (630) 335-7492 and I'll get you set up.

Thanks for reading,
Chris Kendig
Founder/Lead Developer
Clean Scheduler
chris@cleanscheduler.com
(630) 335-7492",""
"Costa Cleaning Co.","Unknown","info@costacleaning.co","(239) 980-6084","Fort Myers","Lee","Both","https://costacleaning.co/","Yes","Email","Running a cleaning company in Fort Myers — 2-minute ask","Hi there,

I know your inbox is full, so I'll keep this short.

I'm Chris Kendig with Clean Scheduler. We're building scheduling software specifically for residential and commercial cleaning companies — crew schedules, quotes, payments, the day-to-day stuff that usually lives in texts, spreadsheets, and sticky notes. I'm reaching out to owner-operated shops in Fort Myers and Lee County because I want real feedback from people who actually run the routes, not a focus group.

You're doing residential and commercial out of Fort Myers with a clear process — I'd like to see if Clean Scheduler fits how you already work, or if it fights it.

Would you be open to trying Clean Scheduler for a short stretch and telling me what works and what doesn't? No pitch deck, no hard sell — just your honest take. If after that you decide to stick with it, I'll lock in 10% off your subscription for life on any plan. That offer is my way of saying thank you for the time and the feedback.

If now's a bad time, a one-line ""not interested"" is totally fine. If you're curious, reply to this email or call/text me at (630) 335-7492 and I'll get you set up.

Thanks for reading,
Chris Kendig
Founder/Lead Developer
Clean Scheduler
chris@cleanscheduler.com
(630) 335-7492",""
"Maia's Cleaning LLC","Rosie","maiascleaningllc@gmail.com","(239) 822-5714","Fort Myers","Lee","Both","https://www.maiascleaningllc.com/","Yes","Email","Not a sales pitch — feedback ask for Maia's Cleaning LLC","Hi Rosie,

I know your inbox is full, so I'll keep this short.

I'm Chris Kendig with Clean Scheduler. We're building scheduling software specifically for residential and commercial cleaning companies — crew schedules, quotes, payments, the day-to-day stuff that usually lives in texts, spreadsheets, and sticky notes. I'm reaching out to owner-operated shops in Fort Myers and Lee County because I want real feedback from people who actually run the routes, not a focus group.

You've been serving Lee and Collier since 2013 — that longevity usually means you've already figured out what software is worth your time and what isn't.

Would you be open to trying Clean Scheduler for a short stretch and telling me what works and what doesn't? No pitch deck, no hard sell — just your honest take. If after that you decide to stick with it, I'll lock in 10% off your subscription for life on any plan. That offer is my way of saying thank you for the time and the feedback.

If now's a bad time, a one-line ""not interested"" is totally fine. If you're curious, reply to this email or call/text me at (630) 335-7492 and I'll get you set up.

Thanks for reading,
Chris Kendig
Founder/Lead Developer
Clean Scheduler
chris@cleanscheduler.com
(630) 335-7492",""
"Vanguard Janitorial Services","Bob","bob@vjs1.net","(239) 274-0246","Fort Myers","Lee","Commercial","https://www.vanguardjanitorialservices.com/","Yes","Email","Vanguard Janitorial Services — looking for a little feedback from Fort Myers","Hi Bob,

I know your inbox is full, so I'll keep this short.

I'm Chris Kendig with Clean Scheduler. We're building scheduling software specifically for commercial / janitorial cleaning companies — crew schedules, quotes, payments, the day-to-day stuff that usually lives in texts, spreadsheets, and sticky notes. I'm reaching out to owner-operated shops in Fort Myers and Lee County because I want real feedback from people who actually run the routes, not a focus group.

Family-owned commercial janitorial since 1981 is rare. I'd rather hear from someone who's lived the overnight routes than from another SaaS demo.

Would you be open to trying Clean Scheduler for a short stretch and telling me what works and what doesn't? No pitch deck, no hard sell — just your honest take. If after that you decide to stick with it, I'll lock in 10% off your subscription for life on any plan. That offer is my way of saying thank you for the time and the feedback.

If now's a bad time, a one-line ""not interested"" is totally fine. If you're curious, reply to this email or call/text me at (630) 335-7492 and I'll get you set up.

Thanks for reading,
Chris Kendig
Founder/Lead Developer
Clean Scheduler
chris@cleanscheduler.com
(630) 335-7492",""
"Crystal Clean LLC","Dave Harting","crystalclean@cleaningfortmyers.com","(239) 936-7700","Fort Myers","Lee","Both","https://www.cleaningfortmyers.com/","Yes","Email","Quick question for Crystal Clean LLC","Hi Dave,

I know your inbox is full, so I'll keep this short.

I'm Chris Kendig with Clean Scheduler. We're building scheduling software specifically for residential and commercial cleaning companies — crew schedules, quotes, payments, the day-to-day stuff that usually lives in texts, spreadsheets, and sticky notes. I'm reaching out to owner-operated shops in Fort Myers and Lee County because I want real feedback from people who actually run the routes, not a focus group.

The Harting family's been at this a long time in Fort Myers and Naples. If Clean Scheduler isn't useful to an operation like yours, I need to know that.

Would you be open to trying Clean Scheduler for a short stretch and telling me what works and what doesn't? No pitch deck, no hard sell — just your honest take. If after that you decide to stick with it, I'll lock in 10% off your subscription for life on any plan. That offer is my way of saying thank you for the time and the feedback.

If now's a bad time, a one-line ""not interested"" is totally fine. If you're curious, reply to this email or call/text me at (630) 335-7492 and I'll get you set up.

Thanks for reading,
Chris Kendig
Founder/Lead Developer
Clean Scheduler
chris@cleanscheduler.com
(630) 335-7492",""
"TEEM Cleaning Services, LLC","Unknown","info@teemcleaning.com","(844) 687-8336","Fort Myers","Lee","Commercial","https://teemcleaning.com/","Yes","Email","Running a cleaning company in Fort Myers — 2-minute ask","Hi there,

I know your inbox is full, so I'll keep this short.

I'm Chris Kendig with Clean Scheduler. We're building scheduling software specifically for commercial / janitorial cleaning companies — crew schedules, quotes, payments, the day-to-day stuff that usually lives in texts, spreadsheets, and sticky notes. I'm reaching out to owner-operated shops in Fort Myers and Lee County because I want real feedback from people who actually run the routes, not a focus group.

Commercial/janitorial across SWFL has different scheduling pressure than residential — that's a gap I specifically want feedback on.

Would you be open to trying Clean Scheduler for a short stretch and telling me what works and what doesn't? No pitch deck, no hard sell — just your honest take. If after that you decide to stick with it, I'll lock in 10% off your subscription for life on any plan. That offer is my way of saying thank you for the time and the feedback.

If now's a bad time, a one-line ""not interested"" is totally fine. If you're curious, reply to this email or call/text me at (630) 335-7492 and I'll get you set up.

Thanks for reading,
Chris Kendig
Founder/Lead Developer
Clean Scheduler
chris@cleanscheduler.com
(630) 335-7492",""
"Mac Daddy Clean","Tara Hahn","macdaddyclean@gmail.com","(239) 322-3403","Fort Myers","Lee","Both","https://www.macdaddyclean.com/","Yes","Email","Not a sales pitch — feedback ask for Mac Daddy Clean","Hi Tara,

I know your inbox is full, so I'll keep this short.

I'm Chris Kendig with Clean Scheduler. We're building scheduling software specifically for residential and commercial cleaning companies — crew schedules, quotes, payments, the day-to-day stuff that usually lives in texts, spreadsheets, and sticky notes. I'm reaching out to owner-operated shops in Fort Myers and Lee County because I want real feedback from people who actually run the routes, not a focus group.

Family-owned specialty cleaning (carpet/tile) still has the same crew-and-calendar chaos as general cleaning — curious if our tool helps or misses the mark for you.

Would you be open to trying Clean Scheduler for a short stretch and telling me what works and what doesn't? No pitch deck, no hard sell — just your honest take. If after that you decide to stick with it, I'll lock in 10% off your subscription for life on any plan. That offer is my way of saying thank you for the time and the feedback.

If now's a bad time, a one-line ""not interested"" is totally fine. If you're curious, reply to this email or call/text me at (630) 335-7492 and I'll get you set up.

Thanks for reading,
Chris Kendig
Founder/Lead Developer
Clean Scheduler
chris@cleanscheduler.com
(630) 335-7492",""
"Vanderbilt Maids","Unknown","info@vanderbiltmaids.com","(239) 910-8256","Estero","Lee","Both","https://vanderbiltmaids.com/","Yes","Email","Vanderbilt Maids — looking for a little feedback from Estero","Hi there,

I know your inbox is full, so I'll keep this short.

I'm Chris Kendig with Clean Scheduler. We're building scheduling software specifically for residential and commercial cleaning companies — crew schedules, quotes, payments, the day-to-day stuff that usually lives in texts, spreadsheets, and sticky notes. I'm reaching out to owner-operated shops in Estero and Lee County because I want real feedback from people who actually run the routes, not a focus group.

Women-owned and independent out of Estero — no call center, no franchise playbook. That's exactly who I want in the feedback loop.

Would you be open to trying Clean Scheduler for a short stretch and telling me what works and what doesn't? No pitch deck, no hard sell — just your honest take. If after that you decide to stick with it, I'll lock in 10% off your subscription for life on any plan. That offer is my way of saying thank you for the time and the feedback.

If now's a bad time, a one-line ""not interested"" is totally fine. If you're curious, reply to this email or call/text me at (630) 335-7492 and I'll get you set up.

Thanks for reading,
Chris Kendig
Founder/Lead Developer
Clean Scheduler
chris@cleanscheduler.com
(630) 335-7492",""
"Eco Vibes Cleaning Services","Unknown","info@ecovibescleaning.com","(954) 758-1793","Cape Coral","Lee","Both","https://ecovibescleaning.com/","Yes","Email","Eco Vibes Cleaning Services — looking for a little feedback from Cape Coral","Hi there,

I know your inbox is full, so I'll keep this short.

I'm Chris Kendig with Clean Scheduler. We're building scheduling software specifically for residential and commercial cleaning companies — crew schedules, quotes, payments, the day-to-day stuff that usually lives in texts, spreadsheets, and sticky notes. I'm reaching out to owner-operated shops in Cape Coral and Lee County because I want real feedback from people who actually run the routes, not a focus group.

Woman-owned in Cape Coral with an eco focus — I'd like your honest read on whether Clean Scheduler feels built for a shop like yours.

Would you be open to trying Clean Scheduler for a short stretch and telling me what works and what doesn't? No pitch deck, no hard sell — just your honest take. If after that you decide to stick with it, I'll lock in 10% off your subscription for life on any plan. That offer is my way of saying thank you for the time and the feedback.

If now's a bad time, a one-line ""not interested"" is totally fine. If you're curious, reply to this email or call/text me at (630) 335-7492 and I'll get you set up.

Thanks for reading,
Chris Kendig
Founder/Lead Developer
Clean Scheduler
chris@cleanscheduler.com
(630) 335-7492",""
"Baez Residential and Commercial Cleaning","Rossana Baez","contact@baezcleaning.com","","Cape Coral","Lee","Both","","Yes","Email","Not a sales pitch — feedback ask for Baez Residential and Commercial Cleaning","Hi Rossana,

I know your inbox is full, so I'll keep this short.

I'm Chris Kendig with Clean Scheduler. We're building scheduling software specifically for residential and commercial cleaning companies — crew schedules, quotes, payments, the day-to-day stuff that usually lives in texts, spreadsheets, and sticky notes. I'm reaching out to owner-operated shops in Cape Coral and Lee County because I want real feedback from people who actually run the routes, not a focus group.

As a certified woman/minority-owned cleaning company in Cape Coral, your day-to-day ops perspective would help us build something that actually fits local owners.

Would you be open to trying Clean Scheduler for a short stretch and telling me what works and what doesn't? No pitch deck, no hard sell — just your honest take. If after that you decide to stick with it, I'll lock in 10% off your subscription for life on any plan. That offer is my way of saying thank you for the time and the feedback.

If now's a bad time, a one-line ""not interested"" is totally fine. If you're curious, reply to this email or call/text me at (630) 335-7492 and I'll get you set up.

Thanks for reading,
Chris Kendig
Founder/Lead Developer
Clean Scheduler
chris@cleanscheduler.com
(630) 335-7492","Lower confidence contact — spot-check before mail merge."
"H&A NW Island Cleaning Corp","Unknown","info@hanwislandcleaningcorp.com","(239) 413-8564","Cape Coral","Lee","Both","https://hanwislandcleaningcorp.com/","Yes","Email","Quick question for H&A NW Island Cleaning Corp","Hi there,

I know your inbox is full, so I'll keep this short.

I'm Chris Kendig with Clean Scheduler. We're building scheduling software specifically for residential and commercial cleaning companies — crew schedules, quotes, payments, the day-to-day stuff that usually lives in texts, spreadsheets, and sticky notes. I'm reaching out to owner-operated shops in Cape Coral and Lee County because I want real feedback from people who actually run the routes, not a focus group.

You're covering Cape Coral through Charlotte County — multi-city routing is where most tools fall apart. I'd like your take.

Would you be open to trying Clean Scheduler for a short stretch and telling me what works and what doesn't? No pitch deck, no hard sell — just your honest take. If after that you decide to stick with it, I'll lock in 10% off your subscription for life on any plan. That offer is my way of saying thank you for the time and the feedback.

If now's a bad time, a one-line ""not interested"" is totally fine. If you're curious, reply to this email or call/text me at (630) 335-7492 and I'll get you set up.

Thanks for reading,
Chris Kendig
Founder/Lead Developer
Clean Scheduler
chris@cleanscheduler.com
(630) 335-7492",""
"Mirly & R Pressure Washing and Cleaning Services LLC","Unknown","mirlyandrcleaning@gmail.com","(239) 763-2495","Cape Coral","Lee","Both","https://mirlyandrcleaningllc.com/","Yes","Email","Not a sales pitch — feedback ask for Mirly & R Pressure Washing and Cleaning Services LLC","Hi there,

I know your inbox is full, so I'll keep this short.

I'm Chris Kendig with Clean Scheduler. We're building scheduling software specifically for residential and commercial cleaning companies — crew schedules, quotes, payments, the day-to-day stuff that usually lives in texts, spreadsheets, and sticky notes. I'm reaching out to owner-operated shops in Cape Coral and Lee County because I want real feedback from people who actually run the routes, not a focus group.

You're doing both interior cleaning and exterior work out of Cape Coral — mixed service types are a real scheduling puzzle, and I want to learn from that.

Would you be open to trying Clean Scheduler for a short stretch and telling me what works and what doesn't? No pitch deck, no hard sell — just your honest take. If after that you decide to stick with it, I'll lock in 10% off your subscription for life on any plan. That offer is my way of saying thank you for the time and the feedback.

If now's a bad time, a one-line ""not interested"" is totally fine. If you're curious, reply to this email or call/text me at (630) 335-7492 and I'll get you set up.

Thanks for reading,
Chris Kendig
Founder/Lead Developer
Clean Scheduler
chris@cleanscheduler.com
(630) 335-7492",""
"Sea Breeze Cleaners","Larissa Hilario","larissahilario1990@gmail.com","(978) 767-6300","Cape Coral","Lee","Both","https://sbzcleaners.com/","Yes","Email","Running a cleaning company in Cape Coral — 2-minute ask","Hi Larissa,

I know your inbox is full, so I'll keep this short.

I'm Chris Kendig with Clean Scheduler. We're building scheduling software specifically for residential and commercial cleaning companies — crew schedules, quotes, payments, the day-to-day stuff that usually lives in texts, spreadsheets, and sticky notes. I'm reaching out to owner-operated shops in Cape Coral and Lee County because I want real feedback from people who actually run the routes, not a focus group.

Local Cape Coral shop covering Fort Myers and Punta Gorda — small-team scheduling is where I need the most honest feedback.

Would you be open to trying Clean Scheduler for a short stretch and telling me what works and what doesn't? No pitch deck, no hard sell — just your honest take. If after that you decide to stick with it, I'll lock in 10% off your subscription for life on any plan. That offer is my way of saying thank you for the time and the feedback.

If now's a bad time, a one-line ""not interested"" is totally fine. If you're curious, reply to this email or call/text me at (630) 335-7492 and I'll get you set up.

Thanks for reading,
Chris Kendig
Founder/Lead Developer
Clean Scheduler
chris@cleanscheduler.com
(630) 335-7492",""
"Alejandra Cleaning","Alejandra Ruiz","alejandra.cleaning23@gmail.com","","Naples","Collier","Both","https://www.alejandracleaning.com/","Yes","Email","Running a cleaning company in Naples — 2-minute ask","Hi Alejandra,

I know your inbox is full, so I'll keep this short.

I'm Chris Kendig with Clean Scheduler. We're building scheduling software specifically for residential and commercial cleaning companies — crew schedules, quotes, payments, the day-to-day stuff that usually lives in texts, spreadsheets, and sticky notes. I'm reaching out to owner-operated shops in Naples and Collier County because I want real feedback from people who actually run the routes, not a focus group.

You're serving Naples through Fort Myers as a local team — I'd rather hear what slows you down than tell you what we think you need.

Would you be open to trying Clean Scheduler for a short stretch and telling me what works and what doesn't? No pitch deck, no hard sell — just your honest take. If after that you decide to stick with it, I'll lock in 10% off your subscription for life on any plan. That offer is my way of saying thank you for the time and the feedback.

If now's a bad time, a one-line ""not interested"" is totally fine. If you're curious, reply to this email or call/text me at (630) 335-7492 and I'll get you set up.

Thanks for reading,
Chris Kendig
Founder/Lead Developer
Clean Scheduler
chris@cleanscheduler.com
(630) 335-7492",""
"Be2Clean LLC","Unknown","sales@be2clean.com","(239) 204-7165","Cape Coral","Lee","Both","https://www.be2clean.com/","Yes","Email","Running a cleaning company in Cape Coral — 2-minute ask","Hi there,

I know your inbox is full, so I'll keep this short.

I'm Chris Kendig with Clean Scheduler. We're building scheduling software specifically for residential and commercial cleaning companies — crew schedules, quotes, payments, the day-to-day stuff that usually lives in texts, spreadsheets, and sticky notes. I'm reaching out to owner-operated shops in Cape Coral and Lee County because I want real feedback from people who actually run the routes, not a focus group.

Locally owned out of Cape Coral with residential and commercial work across SWFL — your ops feedback would carry a lot of weight for us.

Would you be open to trying Clean Scheduler for a short stretch and telling me what works and what doesn't? No pitch deck, no hard sell — just your honest take. If after that you decide to stick with it, I'll lock in 10% off your subscription for life on any plan. That offer is my way of saying thank you for the time and the feedback.

If now's a bad time, a one-line ""not interested"" is totally fine. If you're curious, reply to this email or call/text me at (630) 335-7492 and I'll get you set up.

Thanks for reading,
Chris Kendig
Founder/Lead Developer
Clean Scheduler
chris@cleanscheduler.com
(630) 335-7492",""
"A Advanced Cleaners","Unknown","aadvancedcleaners@gmail.com","(239) 340-9064","Bonita Springs","Lee","Both","https://www.bonitasteamcleaning.com/","Yes","Email","Quick question for A Advanced Cleaners","Hi there,

I know your inbox is full, so I'll keep this short.

I'm Chris Kendig with Clean Scheduler. We're building scheduling software specifically for residential and commercial cleaning companies — crew schedules, quotes, payments, the day-to-day stuff that usually lives in texts, spreadsheets, and sticky notes. I'm reaching out to owner-operated shops in Bonita Springs and Lee County because I want real feedback from people who actually run the routes, not a focus group.

Family-owned since 1996 in Bonita Springs — owner-operators who've been at it that long usually know within five minutes if a tool is worth it.

Would you be open to trying Clean Scheduler for a short stretch and telling me what works and what doesn't? No pitch deck, no hard sell — just your honest take. If after that you decide to stick with it, I'll lock in 10% off your subscription for life on any plan. That offer is my way of saying thank you for the time and the feedback.

If now's a bad time, a one-line ""not interested"" is totally fine. If you're curious, reply to this email or call/text me at (630) 335-7492 and I'll get you set up.

Thanks for reading,
Chris Kendig
Founder/Lead Developer
Clean Scheduler
chris@cleanscheduler.com
(630) 335-7492",""
"ZI TORBETT Cleaning Services","Unknown","zitorbettcleaningllc@gmail.com","","Fort Myers","Lee","Both","","Yes","Email","Quick question for ZI TORBETT Cleaning Services","Hi there,

I know your inbox is full, so I'll keep this short.

I'm Chris Kendig with Clean Scheduler. We're building scheduling software specifically for residential and commercial cleaning companies — crew schedules, quotes, payments, the day-to-day stuff that usually lives in texts, spreadsheets, and sticky notes. I'm reaching out to owner-operated shops in Fort Myers and Lee County because I want real feedback from people who actually run the routes, not a focus group.

Local SWFL cleaning shops are who we're building for — if you've got 10 minutes to try it and tell me what's wrong, that helps more than any survey.

Would you be open to trying Clean Scheduler for a short stretch and telling me what works and what doesn't? No pitch deck, no hard sell — just your honest take. If after that you decide to stick with it, I'll lock in 10% off your subscription for life on any plan. That offer is my way of saying thank you for the time and the feedback.

If now's a bad time, a one-line ""not interested"" is totally fine. If you're curious, reply to this email or call/text me at (630) 335-7492 and I'll get you set up.

Thanks for reading,
Chris Kendig
Founder/Lead Developer
Clean Scheduler
chris@cleanscheduler.com
(630) 335-7492","Lower confidence contact — spot-check before mail merge."
"Clean As Can Be Cleaning Company","Unknown","Cleanascanbefl@gmail.com","(239) 238-3979","Naples","Collier","Both","http://www.cleanascanbefl.com/","Yes","Email","Quick question for Clean As Can Be Cleaning Company","Hi there,

I know your inbox is full, so I'll keep this short.

I'm Chris Kendig with Clean Scheduler. We're building scheduling software specifically for residential and commercial cleaning companies — crew schedules, quotes, payments, the day-to-day stuff that usually lives in texts, spreadsheets, and sticky notes. I'm reaching out to owner-operated shops in Naples and Collier County because I want real feedback from people who actually run the routes, not a focus group.

Woman-owned and local in Naples — I want feedback from independents, not franchise managers.

Would you be open to trying Clean Scheduler for a short stretch and telling me what works and what doesn't? No pitch deck, no hard sell — just your honest take. If after that you decide to stick with it, I'll lock in 10% off your subscription for life on any plan. That offer is my way of saying thank you for the time and the feedback.

If now's a bad time, a one-line ""not interested"" is totally fine. If you're curious, reply to this email or call/text me at (630) 335-7492 and I'll get you set up.

Thanks for reading,
Chris Kendig
Founder/Lead Developer
Clean Scheduler
chris@cleanscheduler.com
(630) 335-7492",""
"Neat Nest Cleaning","Patricia Gilroy","info@neatnaples.com","(239) 285-8851","Naples","Collier","Both","https://neatnaples.com/","Yes","Email","Running a cleaning company in Naples — 2-minute ask","Hi Patricia,

I know your inbox is full, so I'll keep this short.

I'm Chris Kendig with Clean Scheduler. We're building scheduling software specifically for residential and commercial cleaning companies — crew schedules, quotes, payments, the day-to-day stuff that usually lives in texts, spreadsheets, and sticky notes. I'm reaching out to owner-operated shops in Naples and Collier County because I want real feedback from people who actually run the routes, not a focus group.

You're owner-operator in Naples — when someone calls, they get you. That hands-on model is exactly who Clean Scheduler needs to work for.

Would you be open to trying Clean Scheduler for a short stretch and telling me what works and what doesn't? No pitch deck, no hard sell — just your honest take. If after that you decide to stick with it, I'll lock in 10% off your subscription for life on any plan. That offer is my way of saying thank you for the time and the feedback.

If now's a bad time, a one-line ""not interested"" is totally fine. If you're curious, reply to this email or call/text me at (630) 335-7492 and I'll get you set up.

Thanks for reading,
Chris Kendig
Founder/Lead Developer
Clean Scheduler
chris@cleanscheduler.com
(630) 335-7492",""
"Clean It Up","Randy Eastman","customerservice@cleanitupinc.com","(239) 304-2086","Naples","Collier","Residential","https://cleanitupinc.com/","Yes","Email","Clean It Up — looking for a little feedback from Naples","Hi Randy,

I know your inbox is full, so I'll keep this short.

I'm Chris Kendig with Clean Scheduler. We're building scheduling software specifically for residential cleaning companies — crew schedules, quotes, payments, the day-to-day stuff that usually lives in texts, spreadsheets, and sticky notes. I'm reaching out to owner-operated shops in Naples and Collier County because I want real feedback from people who actually run the routes, not a focus group.

Family-owned in Naples since 2000 — you've outlasted a lot of software. I'd like to know if ours earns a place or not.

Would you be open to trying Clean Scheduler for a short stretch and telling me what works and what doesn't? No pitch deck, no hard sell — just your honest take. If after that you decide to stick with it, I'll lock in 10% off your subscription for life on any plan. That offer is my way of saying thank you for the time and the feedback.

If now's a bad time, a one-line ""not interested"" is totally fine. If you're curious, reply to this email or call/text me at (630) 335-7492 and I'll get you set up.

Thanks for reading,
Chris Kendig
Founder/Lead Developer
Clean Scheduler
chris@cleanscheduler.com
(630) 335-7492",""
"Naples Home Cleaners","Unknown","info@napleshomecleaners.com","(239) 778-6049","Naples","Collier","Both","https://napleshomecleaners.com/","Yes","Email","Naples Home Cleaners — looking for a little feedback from Naples","Hi there,

I know your inbox is full, so I'll keep this short.

I'm Chris Kendig with Clean Scheduler. We're building scheduling software specifically for residential and commercial cleaning companies — crew schedules, quotes, payments, the day-to-day stuff that usually lives in texts, spreadsheets, and sticky notes. I'm reaching out to owner-operated shops in Naples and Collier County because I want real feedback from people who actually run the routes, not a focus group.

Family-owned home and office cleaning in Naples — curious what you use today for scheduling and where it frustrates you.

Would you be open to trying Clean Scheduler for a short stretch and telling me what works and what doesn't? No pitch deck, no hard sell — just your honest take. If after that you decide to stick with it, I'll lock in 10% off your subscription for life on any plan. That offer is my way of saying thank you for the time and the feedback.

If now's a bad time, a one-line ""not interested"" is totally fine. If you're curious, reply to this email or call/text me at (630) 335-7492 and I'll get you set up.

Thanks for reading,
Chris Kendig
Founder/Lead Developer
Clean Scheduler
chris@cleanscheduler.com
(630) 335-7492",""
"Diana's Cleaning Services of Naples LLC","Diana Florentino","sparkle@dianascleaningllc.com","(239) 537-5302","Naples","Collier","Both","https://dianascleaningllc.com/","Yes","Email","Running a cleaning company in Naples — 2-minute ask","Hi Diana,

I know your inbox is full, so I'll keep this short.

I'm Chris Kendig with Clean Scheduler. We're building scheduling software specifically for residential and commercial cleaning companies — crew schedules, quotes, payments, the day-to-day stuff that usually lives in texts, spreadsheets, and sticky notes. I'm reaching out to owner-operated shops in Naples and Collier County because I want real feedback from people who actually run the routes, not a focus group.

You're front-and-center as the owner — that personal standard is hard to protect when the calendar gets messy. I'd value your candid feedback.

Would you be open to trying Clean Scheduler for a short stretch and telling me what works and what doesn't? No pitch deck, no hard sell — just your honest take. If after that you decide to stick with it, I'll lock in 10% off your subscription for life on any plan. That offer is my way of saying thank you for the time and the feedback.

If now's a bad time, a one-line ""not interested"" is totally fine. If you're curious, reply to this email or call/text me at (630) 335-7492 and I'll get you set up.

Thanks for reading,
Chris Kendig
Founder/Lead Developer
Clean Scheduler
chris@cleanscheduler.com
(630) 335-7492",""
"Purple Cleaning","Unknown","hello@purple.cleaning","(239) 396-3141","Naples","Collier","Both","https://purple.cleaning/","Yes","Email","Purple Cleaning — looking for a little feedback from Naples","Hi there,

I know your inbox is full, so I'll keep this short.

I'm Chris Kendig with Clean Scheduler. We're building scheduling software specifically for residential and commercial cleaning companies — crew schedules, quotes, payments, the day-to-day stuff that usually lives in texts, spreadsheets, and sticky notes. I'm reaching out to owner-operated shops in Naples and Collier County because I want real feedback from people who actually run the routes, not a focus group.

You make a point of not being a franchise — same reason I'm emailing independents first. Want your real-world take, good or bad.

Would you be open to trying Clean Scheduler for a short stretch and telling me what works and what doesn't? No pitch deck, no hard sell — just your honest take. If after that you decide to stick with it, I'll lock in 10% off your subscription for life on any plan. That offer is my way of saying thank you for the time and the feedback.

If now's a bad time, a one-line ""not interested"" is totally fine. If you're curious, reply to this email or call/text me at (630) 335-7492 and I'll get you set up.

Thanks for reading,
Chris Kendig
Founder/Lead Developer
Clean Scheduler
chris@cleanscheduler.com
(630) 335-7492",""
"CleanFlorida","Taresa Spiroff","info@clean-florida.com","(239) 263-0183","Naples","Collier","Both","https://clean-florida.com/","Yes","Email","Quick question for CleanFlorida","Hi Taresa,

I know your inbox is full, so I'll keep this short.

I'm Chris Kendig with Clean Scheduler. We're building scheduling software specifically for residential and commercial cleaning companies — crew schedules, quotes, payments, the day-to-day stuff that usually lives in texts, spreadsheets, and sticky notes. I'm reaching out to owner-operated shops in Naples and Collier County because I want real feedback from people who actually run the routes, not a focus group.

Woman-owned since 2006 with Naples and Fort Myers presence — you've seen tools come and go. I'd like the unfiltered version of what you'd actually use.

Would you be open to trying Clean Scheduler for a short stretch and telling me what works and what doesn't? No pitch deck, no hard sell — just your honest take. If after that you decide to stick with it, I'll lock in 10% off your subscription for life on any plan. That offer is my way of saying thank you for the time and the feedback.

If now's a bad time, a one-line ""not interested"" is totally fine. If you're curious, reply to this email or call/text me at (630) 335-7492 and I'll get you set up.

Thanks for reading,
Chris Kendig
Founder/Lead Developer
Clean Scheduler
chris@cleanscheduler.com
(630) 335-7492",""
"Judith's Cleaning Service Inc.","Judith Velazquez","info@judithscleaning.com","(239) 631-6703","Naples","Collier","Both","https://www.judithscleaning.com/","Yes","Email","Quick question for Judith's Cleaning Service Inc.","Hi Judith,

I know your inbox is full, so I'll keep this short.

I'm Chris Kendig with Clean Scheduler. We're building scheduling software specifically for residential and commercial cleaning companies — crew schedules, quotes, payments, the day-to-day stuff that usually lives in texts, spreadsheets, and sticky notes. I'm reaching out to owner-operated shops in Naples and Collier County because I want real feedback from people who actually run the routes, not a focus group.

You've built a residential and commercial operation across Naples and beyond — scheduling at that scale is where I need honest operator feedback.

Would you be open to trying Clean Scheduler for a short stretch and telling me what works and what doesn't? No pitch deck, no hard sell — just your honest take. If after that you decide to stick with it, I'll lock in 10% off your subscription for life on any plan. That offer is my way of saying thank you for the time and the feedback.

If now's a bad time, a one-line ""not interested"" is totally fine. If you're curious, reply to this email or call/text me at (630) 335-7492 and I'll get you set up.

Thanks for reading,
Chris Kendig
Founder/Lead Developer
Clean Scheduler
chris@cleanscheduler.com
(630) 335-7492",""
"Smart Green Cleaning Company","Rudy Cardozo","","(239) 273-0967","Naples","Collier","Both","https://smartgreencleaning.com/","No","Phone","Quick question for Smart Green Cleaning Company","Hi Rudy,

I know your inbox is full, so I'll keep this short.

I'm Chris Kendig with Clean Scheduler. We're building scheduling software specifically for residential and commercial cleaning companies — crew schedules, quotes, payments, the day-to-day stuff that usually lives in texts, spreadsheets, and sticky notes. I'm reaching out to owner-operated shops in Naples and Collier County because I want real feedback from people who actually run the routes, not a focus group.

Family-owned in Naples since 2001 — Rudy, Lidia, and the kids still in it. That kind of shop is who I'm trying to learn from. (No public email found — phone outreach row.)

Would you be open to trying Clean Scheduler for a short stretch and telling me what works and what doesn't? No pitch deck, no hard sell — just your honest take. If after that you decide to stick with it, I'll lock in 10% off your subscription for life on any plan. That offer is my way of saying thank you for the time and the feedback.

If now's a bad time, a one-line ""not interested"" is totally fine. If you're curious, reply to this email or call/text me at (630) 335-7492 and I'll get you set up.

Thanks for reading,
Chris Kendig
Founder/Lead Developer
Clean Scheduler
chris@cleanscheduler.com
(630) 335-7492","No public email found — use phone/form; Body still written for when you get an address."
"Arlene's Custom Cleaning","Arlene","arlenescustomcleaning@gmail.com","(941) 204-0751","Port Charlotte","Charlotte","Residential","https://arlenescustomcleaning.com/","Yes","Email","Arlene's Custom Cleaning — looking for a little feedback from Port Charlotte","Hi Arlene,

I know your inbox is full, so I'll keep this short.

I'm Chris Kendig with Clean Scheduler. We're building scheduling software specifically for residential cleaning companies — crew schedules, quotes, payments, the day-to-day stuff that usually lives in texts, spreadsheets, and sticky notes. I'm reaching out to owner-operated shops in Port Charlotte and Charlotte County because I want real feedback from people who actually run the routes, not a focus group.

Owner-operated custom cleaning in Port Charlotte — you're the person who shows up and owns the result. That's who I want feedback from.

Would you be open to trying Clean Scheduler for a short stretch and telling me what works and what doesn't? No pitch deck, no hard sell — just your honest take. If after that you decide to stick with it, I'll lock in 10% off your subscription for life on any plan. That offer is my way of saying thank you for the time and the feedback.

If now's a bad time, a one-line ""not interested"" is totally fine. If you're curious, reply to this email or call/text me at (630) 335-7492 and I'll get you set up.

Thanks for reading,
Chris Kendig
Founder/Lead Developer
Clean Scheduler
chris@cleanscheduler.com
(630) 335-7492",""
"All In Cleaning","Theron Smith","allincleaning941@gmail.com","(941) 777-0074","Port Charlotte","Charlotte","Both","https://allin-cleaning.com/","Yes","Email","All In Cleaning — looking for a little feedback from Port Charlotte","Hi Theron,

I know your inbox is full, so I'll keep this short.

I'm Chris Kendig with Clean Scheduler. We're building scheduling software specifically for residential and commercial cleaning companies — crew schedules, quotes, payments, the day-to-day stuff that usually lives in texts, spreadsheets, and sticky notes. I'm reaching out to owner-operated shops in Port Charlotte and Charlotte County because I want real feedback from people who actually run the routes, not a focus group.

You're running Port Charlotte, Punta Gorda, and Englewood — Charlotte County routing has its own quirks, and I want to hear them straight.

Would you be open to trying Clean Scheduler for a short stretch and telling me what works and what doesn't? No pitch deck, no hard sell — just your honest take. If after that you decide to stick with it, I'll lock in 10% off your subscription for life on any plan. That offer is my way of saying thank you for the time and the feedback.

If now's a bad time, a one-line ""not interested"" is totally fine. If you're curious, reply to this email or call/text me at (630) 335-7492 and I'll get you set up.

Thanks for reading,
Chris Kendig
Founder/Lead Developer
Clean Scheduler
chris@cleanscheduler.com
(630) 335-7492",""
"P. Dependable Cleaning Solution LLC","Unknown","pdependablecleanings@gmail.com","(941) 457-7332","Port Charlotte","Charlotte","Both","https://www.prodependablecleaningsolution.com/","Yes","Email","Running a cleaning company in Port Charlotte — 2-minute ask","Hi there,

I know your inbox is full, so I'll keep this short.

I'm Chris Kendig with Clean Scheduler. We're building scheduling software specifically for residential and commercial cleaning companies — crew schedules, quotes, payments, the day-to-day stuff that usually lives in texts, spreadsheets, and sticky notes. I'm reaching out to owner-operated shops in Port Charlotte and Charlotte County because I want real feedback from people who actually run the routes, not a focus group.

Small family cleaning business in Port Charlotte — those are the shops software usually forgets. I'd like to reverse that.

Would you be open to trying Clean Scheduler for a short stretch and telling me what works and what doesn't? No pitch deck, no hard sell — just your honest take. If after that you decide to stick with it, I'll lock in 10% off your subscription for life on any plan. That offer is my way of saying thank you for the time and the feedback.

If now's a bad time, a one-line ""not interested"" is totally fine. If you're curious, reply to this email or call/text me at (630) 335-7492 and I'll get you set up.

Thanks for reading,
Chris Kendig
Founder/Lead Developer
Clean Scheduler
chris@cleanscheduler.com
(630) 335-7492",""
"Apex Janitorial","Unknown","info@apexjan.com","(941) 575-6444","Port Charlotte","Charlotte","Commercial","https://apexjan.com/","Yes","Email","Running a cleaning company in Port Charlotte — 2-minute ask","Hi there,

I know your inbox is full, so I'll keep this short.

I'm Chris Kendig with Clean Scheduler. We're building scheduling software specifically for commercial / janitorial cleaning companies — crew schedules, quotes, payments, the day-to-day stuff that usually lives in texts, spreadsheets, and sticky notes. I'm reaching out to owner-operated shops in Port Charlotte and Charlotte County because I want real feedback from people who actually run the routes, not a focus group.

Commercial janitorial out of Port Charlotte serving into Lee and Collier — facility schedules are a different animal, and I need that feedback.

Would you be open to trying Clean Scheduler for a short stretch and telling me what works and what doesn't? No pitch deck, no hard sell — just your honest take. If after that you decide to stick with it, I'll lock in 10% off your subscription for life on any plan. That offer is my way of saying thank you for the time and the feedback.

If now's a bad time, a one-line ""not interested"" is totally fine. If you're curious, reply to this email or call/text me at (630) 335-7492 and I'll get you set up.

Thanks for reading,
Chris Kendig
Founder/Lead Developer
Clean Scheduler
chris@cleanscheduler.com
(630) 335-7492",""
"Elena's Pristine Clean","Claudia","pristineeclean@gmail.com","(718) 669-5917","Port Charlotte","Charlotte","Residential","https://www.elenaspristineclean.com/","Yes","Email","Quick question for Elena's Pristine Clean","Hi Claudia,

I know your inbox is full, so I'll keep this short.

I'm Chris Kendig with Clean Scheduler. We're building scheduling software specifically for residential cleaning companies — crew schedules, quotes, payments, the day-to-day stuff that usually lives in texts, spreadsheets, and sticky notes. I'm reaching out to owner-operated shops in Port Charlotte and Charlotte County because I want real feedback from people who actually run the routes, not a focus group.

Owner-led residential cleaning in Port Charlotte and Punta Gorda — a short, honest try of the product would help us more than a polished demo.

Would you be open to trying Clean Scheduler for a short stretch and telling me what works and what doesn't? No pitch deck, no hard sell — just your honest take. If after that you decide to stick with it, I'll lock in 10% off your subscription for life on any plan. That offer is my way of saying thank you for the time and the feedback.

If now's a bad time, a one-line ""not interested"" is totally fine. If you're curious, reply to this email or call/text me at (630) 335-7492 and I'll get you set up.

Thanks for reading,
Chris Kendig
Founder/Lead Developer
Clean Scheduler
chris@cleanscheduler.com
(630) 335-7492",""
"LaKellyClean","Unknown","info@lakellyclean.com","(941) 250-6928","Punta Gorda","Charlotte","Residential","https://www.lakellyclean.com/","Yes","Email","LaKellyClean — looking for a little feedback from Punta Gorda","Hi there,

I know your inbox is full, so I'll keep this short.

I'm Chris Kendig with Clean Scheduler. We're building scheduling software specifically for residential cleaning companies — crew schedules, quotes, payments, the day-to-day stuff that usually lives in texts, spreadsheets, and sticky notes. I'm reaching out to owner-operated shops in Punta Gorda and Charlotte County because I want real feedback from people who actually run the routes, not a focus group.

Punta Gorda / Port Charlotte residential work — local owners are who we're designing for, and I don't want to guess at your workflow.

Would you be open to trying Clean Scheduler for a short stretch and telling me what works and what doesn't? No pitch deck, no hard sell — just your honest take. If after that you decide to stick with it, I'll lock in 10% off your subscription for life on any plan. That offer is my way of saying thank you for the time and the feedback.

If now's a bad time, a one-line ""not interested"" is totally fine. If you're curious, reply to this email or call/text me at (630) 335-7492 and I'll get you set up.

Thanks for reading,
Chris Kendig
Founder/Lead Developer
Clean Scheduler
chris@cleanscheduler.com
(630) 335-7492",""
"Allora Cleaning Florida","Unknown","office@alloracleaning.com","(941) 513-5982","Port Charlotte","Charlotte","Both","https://fl.alloracleaning.com/","Yes","Email","Allora Cleaning Florida — looking for a little feedback from Port Charlotte","Hi there,

I know your inbox is full, so I'll keep this short.

I'm Chris Kendig with Clean Scheduler. We're building scheduling software specifically for residential and commercial cleaning companies — crew schedules, quotes, payments, the day-to-day stuff that usually lives in texts, spreadsheets, and sticky notes. I'm reaching out to owner-operated shops in Port Charlotte and Charlotte County because I want real feedback from people who actually run the routes, not a focus group.

Family-owned Gulf Coast cleaning that reaches Port Charlotte, Cape Coral, Fort Myers, and Naples — multi-market ops feedback would be gold.

Would you be open to trying Clean Scheduler for a short stretch and telling me what works and what doesn't? No pitch deck, no hard sell — just your honest take. If after that you decide to stick with it, I'll lock in 10% off your subscription for life on any plan. That offer is my way of saying thank you for the time and the feedback.

If now's a bad time, a one-line ""not interested"" is totally fine. If you're curious, reply to this email or call/text me at (630) 335-7492 and I'll get you set up.

Thanks for reading,
Chris Kendig
Founder/Lead Developer
Clean Scheduler
chris@cleanscheduler.com
(630) 335-7492",""
"Rita's H Cleaning Service LLC","Rita","","(239) 777-8028","Cape Coral","Lee","Both","https://ritascleaningservicellc.com/","No","Phone","Running a cleaning company in Cape Coral — 2-minute ask","Hi Rita,

I know your inbox is full, so I'll keep this short.

I'm Chris Kendig with Clean Scheduler. We're building scheduling software specifically for residential and commercial cleaning companies — crew schedules, quotes, payments, the day-to-day stuff that usually lives in texts, spreadsheets, and sticky notes. I'm reaching out to owner-operated shops in Cape Coral and Lee County because I want real feedback from people who actually run the routes, not a focus group.

You make a point that you're not a franchise and Rita oversees the work — that's the operator voice I need. (No public email found — phone outreach row.)

Would you be open to trying Clean Scheduler for a short stretch and telling me what works and what doesn't? No pitch deck, no hard sell — just your honest take. If after that you decide to stick with it, I'll lock in 10% off your subscription for life on any plan. That offer is my way of saying thank you for the time and the feedback.

If now's a bad time, a one-line ""not interested"" is totally fine. If you're curious, reply to this email or call/text me at (630) 335-7492 and I'll get you set up.

Thanks for reading,
Chris Kendig
Founder/Lead Developer
Clean Scheduler
chris@cleanscheduler.com
(630) 335-7492","No public email found — use phone/form; Body still written for when you get an address."
"GMD Cleaning Solutions LLC","Gilma","","(941) 288-9819","Port Charlotte","Charlotte","Both","https://gmdcleaning.com/","No","Phone","Quick question for GMD Cleaning Solutions LLC","Hi Gilma,

I know your inbox is full, so I'll keep this short.

I'm Chris Kendig with Clean Scheduler. We're building scheduling software specifically for residential and commercial cleaning companies — crew schedules, quotes, payments, the day-to-day stuff that usually lives in texts, spreadsheets, and sticky notes. I'm reaching out to owner-operated shops in Port Charlotte and Charlotte County because I want real feedback from people who actually run the routes, not a focus group.

Founder-led cleaning in Port Charlotte and North Port — I'd rather get your gut reaction than send another brochure. (No public email found — phone outreach row.)

Would you be open to trying Clean Scheduler for a short stretch and telling me what works and what doesn't? No pitch deck, no hard sell — just your honest take. If after that you decide to stick with it, I'll lock in 10% off your subscription for life on any plan. That offer is my way of saying thank you for the time and the feedback.

If now's a bad time, a one-line ""not interested"" is totally fine. If you're curious, reply to this email or call/text me at (630) 335-7492 and I'll get you set up.

Thanks for reading,
Chris Kendig
Founder/Lead Developer
Clean Scheduler
chris@cleanscheduler.com
(630) 335-7492","No public email found — use phone/form; Body still written for when you get an address."
"Classy & Clean Co.","Keily Garcia","","(239) 284-0447","Cape Coral","Lee","Both","http://www.classycleanco.com/","No","Phone","Quick question for Classy & Clean Co.","Hi Keily,

I know your inbox is full, so I'll keep this short.

I'm Chris Kendig with Clean Scheduler. We're building scheduling software specifically for residential and commercial cleaning companies — crew schedules, quotes, payments, the day-to-day stuff that usually lives in texts, spreadsheets, and sticky notes. I'm reaching out to owner-operated shops in Cape Coral and Lee County because I want real feedback from people who actually run the routes, not a focus group.

Cape Coral residential and commercial — if you've got a few minutes to try the product and tell me what's missing, that helps us ship something useful. (No public email found — phone outreach row.)

Would you be open to trying Clean Scheduler for a short stretch and telling me what works and what doesn't? No pitch deck, no hard sell — just your honest take. If after that you decide to stick with it, I'll lock in 10% off your subscription for life on any plan. That offer is my way of saying thank you for the time and the feedback.

If now's a bad time, a one-line ""not interested"" is totally fine. If you're curious, reply to this email or call/text me at (630) 335-7492 and I'll get you set up.

Thanks for reading,
Chris Kendig
Founder/Lead Developer
Clean Scheduler
chris@cleanscheduler.com
(630) 335-7492","No public email found — use phone/form; Body still written for when you get an address."
"Gulfshore Maids LLC","Brian","","(239) 932-3880","Naples","Collier","Residential","https://gulfshoremaids.com/","No","Phone","Quick question for Gulfshore Maids LLC","Hi Brian,

I know your inbox is full, so I'll keep this short.

I'm Chris Kendig with Clean Scheduler. We're building scheduling software specifically for residential cleaning companies — crew schedules, quotes, payments, the day-to-day stuff that usually lives in texts, spreadsheets, and sticky notes. I'm reaching out to owner-operated shops in Naples and Collier County because I want real feedback from people who actually run the routes, not a focus group.

Local Naples residential cleaning with the owner reachable by call/text — that's who I want in the feedback loop. (No public email found — phone outreach row.)

Would you be open to trying Clean Scheduler for a short stretch and telling me what works and what doesn't? No pitch deck, no hard sell — just your honest take. If after that you decide to stick with it, I'll lock in 10% off your subscription for life on any plan. That offer is my way of saying thank you for the time and the feedback.

If now's a bad time, a one-line ""not interested"" is totally fine. If you're curious, reply to this email or call/text me at (630) 335-7492 and I'll get you set up.

Thanks for reading,
Chris Kendig
Founder/Lead Developer
Clean Scheduler
chris@cleanscheduler.com
(630) 335-7492","No public email found — use phone/form; Body still written for when you get an address."
"Delmy's Home Services, LLC","Delmy Aviles","","(239) 560-4186","Bonita Springs","Lee","Residential","https://delmyshomeservices.com/","No","Phone","Delmy's Home Services, LLC — looking for a little feedback from Bonita Springs","Hi Delmy,

I know your inbox is full, so I'll keep this short.

I'm Chris Kendig with Clean Scheduler. We're building scheduling software specifically for residential cleaning companies — crew schedules, quotes, payments, the day-to-day stuff that usually lives in texts, spreadsheets, and sticky notes. I'm reaching out to owner-operated shops in Bonita Springs and Lee County because I want real feedback from people who actually run the routes, not a focus group.

Family-owned with the owners on the jobs in Bonita Springs — if the software doesn't help people like you, we've missed. (No public email found — phone outreach row.)

Would you be open to trying Clean Scheduler for a short stretch and telling me what works and what doesn't? No pitch deck, no hard sell — just your honest take. If after that you decide to stick with it, I'll lock in 10% off your subscription for life on any plan. That offer is my way of saying thank you for the time and the feedback.

If now's a bad time, a one-line ""not interested"" is totally fine. If you're curious, reply to this email or call/text me at (630) 335-7492 and I'll get you set up.

Thanks for reading,
Chris Kendig
Founder/Lead Developer
Clean Scheduler
chris@cleanscheduler.com
(630) 335-7492","No public email found — use phone/form; Body still written for when you get an address."
"Simply Spotless of SWFL LLC","Annie Buchner","simplyspotlessofswflllc@gmail.com","(239) 464-8833","Naples","Collier","Residential","","Yes","Email","Running a cleaning company in Naples — 2-minute ask","Hi Annie,

I know your inbox is full, so I'll keep this short.

I'm Chris Kendig with Clean Scheduler. We're building scheduling software specifically for residential cleaning companies — crew schedules, quotes, payments, the day-to-day stuff that usually lives in texts, spreadsheets, and sticky notes. I'm reaching out to owner-operated shops in Naples and Collier County because I want real feedback from people who actually run the routes, not a focus group.

Owner-operated SWFL residential cleaning — a short test and your candid notes would mean more to us than a polished sales call.

Would you be open to trying Clean Scheduler for a short stretch and telling me what works and what doesn't? No pitch deck, no hard sell — just your honest take. If after that you decide to stick with it, I'll lock in 10% off your subscription for life on any plan. That offer is my way of saying thank you for the time and the feedback.

If now's a bad time, a one-line ""not interested"" is totally fine. If you're curious, reply to this email or call/text me at (630) 335-7492 and I'll get you set up.

Thanks for reading,
Chris Kendig
Founder/Lead Developer
Clean Scheduler
chris@cleanscheduler.com
(630) 335-7492","Lower confidence contact — spot-check before mail merge."
"Nayi's Sparkling Cleaning","Nayi","nayissparklingcleaning@gmail.com","","Fort Myers","Lee","Residential","","Yes","Email","Running a cleaning company in Fort Myers — 2-minute ask","Hi Nayi,

I know your inbox is full, so I'll keep this short.

I'm Chris Kendig with Clean Scheduler. We're building scheduling software specifically for residential cleaning companies — crew schedules, quotes, payments, the day-to-day stuff that usually lives in texts, spreadsheets, and sticky notes. I'm reaching out to owner-operated shops in Fort Myers and Lee County because I want real feedback from people who actually run the routes, not a focus group.

Local Fort Myers cleaning — I'm not looking for a buyer today, just someone who'll tell me what's broken after using it.

Would you be open to trying Clean Scheduler for a short stretch and telling me what works and what doesn't? No pitch deck, no hard sell — just your honest take. If after that you decide to stick with it, I'll lock in 10% off your subscription for life on any plan. That offer is my way of saying thank you for the time and the feedback.

If now's a bad time, a one-line ""not interested"" is totally fine. If you're curious, reply to this email or call/text me at (630) 335-7492 and I'll get you set up.

Thanks for reading,
Chris Kendig
Founder/Lead Developer
Clean Scheduler
chris@cleanscheduler.com
(630) 335-7492","Lower confidence contact — spot-check before mail merge."
"Englewood Cleaning","Unknown","","(941) 416-2330","Englewood","Charlotte","Residential","https://englewoodcleaning.com/","No","Phone","Englewood Cleaning — looking for a little feedback from Englewood","Hi there,

I know your inbox is full, so I'll keep this short.

I'm Chris Kendig with Clean Scheduler. We're building scheduling software specifically for residential cleaning companies — crew schedules, quotes, payments, the day-to-day stuff that usually lives in texts, spreadsheets, and sticky notes. I'm reaching out to owner-operated shops in Englewood and Charlotte County because I want real feedback from people who actually run the routes, not a focus group.

Englewood and the barrier-island communities have their own seasonal rhythm — that scheduling reality is something I want to hear about firsthand. (No public email found — phone outreach row.)

Would you be open to trying Clean Scheduler for a short stretch and telling me what works and what doesn't? No pitch deck, no hard sell — just your honest take. If after that you decide to stick with it, I'll lock in 10% off your subscription for life on any plan. That offer is my way of saying thank you for the time and the feedback.

If now's a bad time, a one-line ""not interested"" is totally fine. If you're curious, reply to this email or call/text me at (630) 335-7492 and I'll get you set up.

Thanks for reading,
Chris Kendig
Founder/Lead Developer
Clean Scheduler
chris@cleanscheduler.com
(630) 335-7492","No public email found — use phone/form; Body still written for when you get an address."
"Baena's Cleaning","Unknown","","(941) 740-3050","Port Charlotte","Charlotte","Residential","","No","Phone","Not a sales pitch — feedback ask for Baena's Cleaning","Hi there,

I know your inbox is full, so I'll keep this short.

I'm Chris Kendig with Clean Scheduler. We're building scheduling software specifically for residential cleaning companies — crew schedules, quotes, payments, the day-to-day stuff that usually lives in texts, spreadsheets, and sticky notes. I'm reaching out to owner-operated shops in Port Charlotte and Charlotte County because I want real feedback from people who actually run the routes, not a focus group.

Local Port Charlotte / Deep Creek / Punta Gorda reputation for thorough residential work — operator feedback from shops like yours is what we're after. (No public email found — phone outreach row.)

Would you be open to trying Clean Scheduler for a short stretch and telling me what works and what doesn't? No pitch deck, no hard sell — just your honest take. If after that you decide to stick with it, I'll lock in 10% off your subscription for life on any plan. That offer is my way of saying thank you for the time and the feedback.

If now's a bad time, a one-line ""not interested"" is totally fine. If you're curious, reply to this email or call/text me at (630) 335-7492 and I'll get you set up.

Thanks for reading,
Chris Kendig
Founder/Lead Developer
Clean Scheduler
chris@cleanscheduler.com
(630) 335-7492","No public email found — use phone/form; Body still written for when you get an address."
"Port Charlotte Cleaning","Unknown","","(941) 628-3891","Port Charlotte","Charlotte","Both","http://www.portcharlottecleaningservices.com/","No","Phone","Quick question for Port Charlotte Cleaning","Hi there,

I know your inbox is full, so I'll keep this short.

I'm Chris Kendig with Clean Scheduler. We're building scheduling software specifically for residential and commercial cleaning companies — crew schedules, quotes, payments, the day-to-day stuff that usually lives in texts, spreadsheets, and sticky notes. I'm reaching out to owner-operated shops in Port Charlotte and Charlotte County because I want real feedback from people who actually run the routes, not a focus group.

Local Port Charlotte residential and corporate cleaning — if you try Clean Scheduler and hate parts of it, I still want that email. (No public email found — phone outreach row.)

Would you be open to trying Clean Scheduler for a short stretch and telling me what works and what doesn't? No pitch deck, no hard sell — just your honest take. If after that you decide to stick with it, I'll lock in 10% off your subscription for life on any plan. That offer is my way of saying thank you for the time and the feedback.

If now's a bad time, a one-line ""not interested"" is totally fine. If you're curious, reply to this email or call/text me at (630) 335-7492 and I'll get you set up.

Thanks for reading,
Chris Kendig
Founder/Lead Developer
Clean Scheduler
chris@cleanscheduler.com
(630) 335-7492","No public email found — use phone/form; Body still written for when you get an address."
"Spalding Carpet & Tile Cleaners","William Spalding","","(239) 463-6668","Fort Myers Beach","Lee","Both","https://spaldingcarpetcleaner.com/","No","Phone","Not a sales pitch — feedback ask for Spalding Carpet & Tile Cleaners","Hi William,

I know your inbox is full, so I'll keep this short.

I'm Chris Kendig with Clean Scheduler. We're building scheduling software specifically for residential and commercial cleaning companies — crew schedules, quotes, payments, the day-to-day stuff that usually lives in texts, spreadsheets, and sticky notes. I'm reaching out to owner-operated shops in Fort Myers Beach and Lee County because I want real feedback from people who actually run the routes, not a focus group.

Family-owned on Fort Myers Beach since 1980 — specialty floor work still lives and dies by the schedule. (No public email found — phone outreach row.)

Would you be open to trying Clean Scheduler for a short stretch and telling me what works and what doesn't? No pitch deck, no hard sell — just your honest take. If after that you decide to stick with it, I'll lock in 10% off your subscription for life on any plan. That offer is my way of saying thank you for the time and the feedback.

If now's a bad time, a one-line ""not interested"" is totally fine. If you're curious, reply to this email or call/text me at (630) 335-7492 and I'll get you set up.

Thanks for reading,
Chris Kendig
Founder/Lead Developer
Clean Scheduler
chris@cleanscheduler.com
(630) 335-7492","No public email found — use phone/form; Body still written for when you get an address."
"CK Clean LLC","Kristine","","","Englewood","Charlotte","Residential","https://ckclean.co/","No","Website form","Quick question for CK Clean LLC","Hi Kristine,

I know your inbox is full, so I'll keep this short.

I'm Chris Kendig with Clean Scheduler. We're building scheduling software specifically for residential cleaning companies — crew schedules, quotes, payments, the day-to-day stuff that usually lives in texts, spreadsheets, and sticky notes. I'm reaching out to owner-operated shops in Englewood and Charlotte County because I want real feedback from people who actually run the routes, not a focus group.

Woman-led Charlotte County cleaning since 2015 — Englewood, Rotonda, Cape Haze. If you can spare a short trial and a few notes, I'd be grateful. (Contact via website form.)

Would you be open to trying Clean Scheduler for a short stretch and telling me what works and what doesn't? No pitch deck, no hard sell — just your honest take. If after that you decide to stick with it, I'll lock in 10% off your subscription for life on any plan. That offer is my way of saying thank you for the time and the feedback.

If now's a bad time, a one-line ""not interested"" is totally fine. If you're curious, reply to this email or call/text me at (630) 335-7492 and I'll get you set up.

Thanks for reading,
Chris Kendig
Founder/Lead Developer
Clean Scheduler
chris@cleanscheduler.com
(630) 335-7492","No public email found — use phone/form; Body still written for when you get an address."
"Collier County Cleaning Company","Unknown","","","Naples","Collier","Commercial","https://colliercountycleaning.com/","No","Website form","Quick question for Collier County Cleaning Company","Hi there,

I know your inbox is full, so I'll keep this short.

I'm Chris Kendig with Clean Scheduler. We're building scheduling software specifically for commercial / janitorial cleaning companies — crew schedules, quotes, payments, the day-to-day stuff that usually lives in texts, spreadsheets, and sticky notes. I'm reaching out to owner-operated shops in Naples and Collier County because I want real feedback from people who actually run the routes, not a focus group.

Independent family-owned commercial janitorial in Collier County — no franchise, which is why I'm writing. Prefer a call/text intro if email isn't the right channel. (Confirm contact on site before outreach.)

Would you be open to trying Clean Scheduler for a short stretch and telling me what works and what doesn't? No pitch deck, no hard sell — just your honest take. If after that you decide to stick with it, I'll lock in 10% off your subscription for life on any plan. That offer is my way of saying thank you for the time and the feedback.

If now's a bad time, a one-line ""not interested"" is totally fine. If you're curious, reply to this email or call/text me at (630) 335-7492 and I'll get you set up.

Thanks for reading,
Chris Kendig
Founder/Lead Developer
Clean Scheduler
chris@cleanscheduler.com
(630) 335-7492","No public email found — use phone/form; Body still written for when you get an address. Lower confidence contact — spot-check before mail merge."
