"Business Name","Owner Name","Email","Phone","City","County","State","Type","Website","Has Email","Outreach Channel","Subject","Body","Notes"
"Absolutely Clean Agency San Diego","Oksana","absolutelycleanagency@gmail.com","(858) 952-9402","San Diego","San Diego","CA","Residential","https://absolutelycleanagency.com/","Yes","Email","Running a cleaning company in San Diego — 2-minute ask","Hi Oksana,

I know your inbox is full, so I'll keep this short.

I'm Chris Kendig with Clean Scheduler. We're building scheduling software specifically for residential and commercial cleaning companies — crew schedules, quotes, payments, the day-to-day stuff that usually lives in texts, spreadsheets, and sticky notes. I'm reaching out to owner-operated shops in San Diego and San Diego County because I want real feedback from people who actually run the routes, not a focus group.

I noticed house cleaning service found in the San Diego Google Maps search area; active listing at research time. Independent/local operator likely... — that kind of local operation is exactly who we're trying to learn from.

Would you be open to trying Clean Scheduler for a short stretch and telling me what works and what doesn't? No pitch deck, no hard sell — just your honest take. If after that you decide to stick with it, I'll lock in 10% off your subscription for life on any plan. That offer is my way of saying thank you for the time and the feedback.

If now's a bad time, a one-line ""not interested"" is totally fine. If you're curious, reply to this email or call/text me at (630) 335-7492 and I'll get you set up.","House cleaning service found in the San Diego Google Maps search area; active listing at research time. Independent/local operator likely; ownership details require enrichment. | Email and phone on contact page footer; Oksana listed as owner in reviews"
"Angel’s Hands","Unknown","","(619) 992-1735","Chula Vista","San Diego","CA","Residential","https://www.angelshandscleaning.com/","No","Phone","","","House cleaning service found in the Chula Vista Google Maps search area; active listing at research time. Independent/local operator likely; ownership details require enrichment. | Phone on homepage; contact page has form only, no public email"
"AWSM Cleaners","Unknown","team@awsmcleaners.com","(619) 404-0612","Chula Vista","San Diego","CA","Residential","https://awsmcleaners.com/","Yes","Email","Not a sales pitch — feedback ask for AWSM Cleaners","Hi there,

I know your inbox is full, so I'll keep this short.

I'm Chris Kendig with Clean Scheduler. We're building scheduling software specifically for residential and commercial cleaning companies — crew schedules, quotes, payments, the day-to-day stuff that usually lives in texts, spreadsheets, and sticky notes. I'm reaching out to owner-operated shops in Chula Vista and San Diego County because I want real feedback from people who actually run the routes, not a focus group.

I noticed house cleaning service found in the Chula Vista Google Maps search area; active listing at research time. Independent/local operator like... — that kind of local operation is exactly who we're trying to learn from.

Would you be open to trying Clean Scheduler for a short stretch and telling me what works and what doesn't? No pitch deck, no hard sell — just your honest take. If after that you decide to stick with it, I'll lock in 10% off your subscription for life on any plan. That offer is my way of saying thank you for the time and the feedback.

If now's a bad time, a one-line ""not interested"" is totally fine. If you're curious, reply to this email or call/text me at (630) 335-7492 and I'll get you set up.","House cleaning service found in the Chula Vista Google Maps search area; active listing at research time. Independent/local operator likely; ownership details require enrichment. | Email and phone on contact page footer"
"Bravo Maids","Jason","hello@bravomaids.com","(619) 853-3200","San Diego","San Diego","CA","Residential","https://bravomaids.com/","Yes","Email","Running a cleaning company in San Diego — 2-minute ask","Hi Jason,

I know your inbox is full, so I'll keep this short.

I'm Chris Kendig with Clean Scheduler. We're building scheduling software specifically for residential and commercial cleaning companies — crew schedules, quotes, payments, the day-to-day stuff that usually lives in texts, spreadsheets, and sticky notes. I'm reaching out to owner-operated shops in San Diego and San Diego County because I want real feedback from people who actually run the routes, not a focus group.

I noticed house cleaning service found in the San Diego Google Maps search area; active listing at research time. Independent/local operator likely... — that kind of local operation is exactly who we're trying to learn from.

Would you be open to trying Clean Scheduler for a short stretch and telling me what works and what doesn't? No pitch deck, no hard sell — just your honest take. If after that you decide to stick with it, I'll lock in 10% off your subscription for life on any plan. That offer is my way of saying thank you for the time and the feedback.

If now's a bad time, a one-line ""not interested"" is totally fine. If you're curious, reply to this email or call/text me at (630) 335-7492 and I'll get you set up.","House cleaning service found in the San Diego Google Maps search area; active listing at research time. Independent/local operator likely; ownership details require enrichment. | Email and phone on site footer; Jason Ellis listed as founder on About page"
"Call the Helper LLC","Oscar","admin@cleaningsvcchulavistaca.com","(619) 738-4060","Chula Vista","San Diego","CA","Residential","https://cleaningsvcchulavistaca.com/","Yes","Email","Quick question for Call the Helper LLC","Hi Oscar,

I know your inbox is full, so I'll keep this short.

I'm Chris Kendig with Clean Scheduler. We're building scheduling software specifically for residential and commercial cleaning companies — crew schedules, quotes, payments, the day-to-day stuff that usually lives in texts, spreadsheets, and sticky notes. I'm reaching out to owner-operated shops in Chula Vista and San Diego County because I want real feedback from people who actually run the routes, not a focus group.

I noticed house cleaning service found in the Chula Vista Google Maps search area; active listing at research time. Independent/local operator like... — that kind of local operation is exactly who we're trying to learn from.

Would you be open to trying Clean Scheduler for a short stretch and telling me what works and what doesn't? No pitch deck, no hard sell — just your honest take. If after that you decide to stick with it, I'll lock in 10% off your subscription for life on any plan. That offer is my way of saying thank you for the time and the feedback.

If now's a bad time, a one-line ""not interested"" is totally fine. If you're curious, reply to this email or call/text me at (630) 335-7492 and I'll get you set up.","House cleaning service found in the Chula Vista Google Maps search area; active listing at research time. Independent/local operator likely; ownership details require enrichment. | Email on contact page; Oscar Ramirez listed as founder in About page schema"
"Chula Vista Cleaning Service","Unknown","chulavistacleaningservice@gmail.com","(858) 786-6396","Chula Vista","San Diego","CA","Residential","http://chulavistacleaningservice.com/","Yes","Email","Not a sales pitch — feedback ask for Chula Vista Cleaning Service","Hi there,

I know your inbox is full, so I'll keep this short.

I'm Chris Kendig with Clean Scheduler. We're building scheduling software specifically for residential and commercial cleaning companies — crew schedules, quotes, payments, the day-to-day stuff that usually lives in texts, spreadsheets, and sticky notes. I'm reaching out to owner-operated shops in Chula Vista and San Diego County because I want real feedback from people who actually run the routes, not a focus group.

I noticed house cleaning service found in the Chula Vista Google Maps search area; active listing at research time. Independent/local operator like... — that kind of local operation is exactly who we're trying to learn from.

Would you be open to trying Clean Scheduler for a short stretch and telling me what works and what doesn't? No pitch deck, no hard sell — just your honest take. If after that you decide to stick with it, I'll lock in 10% off your subscription for life on any plan. That offer is my way of saying thank you for the time and the feedback.

If now's a bad time, a one-line ""not interested"" is totally fine. If you're curious, reply to this email or call/text me at (630) 335-7492 and I'll get you set up.","House cleaning service found in the Chula Vista Google Maps search area; active listing at research time. Independent/local operator likely; ownership details require enrichment. | Email and phone on homepage footer"
"Clean Freak Cleaning Services","Unknown","info@cleanfreakcleaningservices.com","(619) 634-5141","San Diego","San Diego","CA","Residential","https://www.cleanfreakcleaningservices.com/","Yes","Email","Running a cleaning company in San Diego — 2-minute ask","Hi there,

I know your inbox is full, so I'll keep this short.

I'm Chris Kendig with Clean Scheduler. We're building scheduling software specifically for residential and commercial cleaning companies — crew schedules, quotes, payments, the day-to-day stuff that usually lives in texts, spreadsheets, and sticky notes. I'm reaching out to owner-operated shops in San Diego and San Diego County because I want real feedback from people who actually run the routes, not a focus group.

I noticed house cleaning service found in the San Diego Google Maps search area; active listing at research time. Independent/local operator likely... — that kind of local operation is exactly who we're trying to learn from.

Would you be open to trying Clean Scheduler for a short stretch and telling me what works and what doesn't? No pitch deck, no hard sell — just your honest take. If after that you decide to stick with it, I'll lock in 10% off your subscription for life on any plan. That offer is my way of saying thank you for the time and the feedback.

If now's a bad time, a one-line ""not interested"" is totally fine. If you're curious, reply to this email or call/text me at (630) 335-7492 and I'll get you set up.","House cleaning service found in the San Diego Google Maps search area; active listing at research time. Independent/local operator likely; ownership details require enrichment. | Email and phone on About page"
"Clean Me Up Scotty","Unknown","czr@cleanmeupscottysd.com","(619) 821-5338","San Diego","San Diego","CA","Residential","https://www.cleanmeupscottysd.com/","Yes","Email","Quick question for Clean Me Up Scotty","Hi there,

I know your inbox is full, so I'll keep this short.

I'm Chris Kendig with Clean Scheduler. We're building scheduling software specifically for residential and commercial cleaning companies — crew schedules, quotes, payments, the day-to-day stuff that usually lives in texts, spreadsheets, and sticky notes. I'm reaching out to owner-operated shops in San Diego and San Diego County because I want real feedback from people who actually run the routes, not a focus group.

I noticed house cleaning service found in the San Diego Google Maps search area; active listing at research time. Independent/local operator likely... — that kind of local operation is exactly who we're trying to learn from.

Would you be open to trying Clean Scheduler for a short stretch and telling me what works and what doesn't? No pitch deck, no hard sell — just your honest take. If after that you decide to stick with it, I'll lock in 10% off your subscription for life on any plan. That offer is my way of saying thank you for the time and the feedback.

If now's a bad time, a one-line ""not interested"" is totally fine. If you're curious, reply to this email or call/text me at (630) 335-7492 and I'll get you set up.","House cleaning service found in the San Diego Google Maps search area; active listing at research time. Independent/local operator likely; ownership details require enrichment. | Email and phone on homepage contact section"
"CleaningSdCa","Unknown","","(619) 995-1700","San Diego","San Diego","CA","Both","https://cleaningsdca.com/","No","Phone","","","Cleaners found in the San Diego Google Maps search area; active listing at research time. Independent/local operator likely; ownership details require enrichment. | Phone on contact page; no public email found"
"Cleanology Housekeeping Personnel Service","Unknown","info@cleanologysd.com","(619) 281-2532","San Diego","San Diego","CA","Residential","https://www.cleanologysd.com/","Yes","Email","Quick question for Cleanology Housekeeping Personnel Service","Hi there,

I know your inbox is full, so I'll keep this short.

I'm Chris Kendig with Clean Scheduler. We're building scheduling software specifically for residential and commercial cleaning companies — crew schedules, quotes, payments, the day-to-day stuff that usually lives in texts, spreadsheets, and sticky notes. I'm reaching out to owner-operated shops in San Diego and San Diego County because I want real feedback from people who actually run the routes, not a focus group.

I noticed house cleaning service found in the San Diego Google Maps search area; active listing at research time. Independent/local operator likely... — that kind of local operation is exactly who we're trying to learn from.

Would you be open to trying Clean Scheduler for a short stretch and telling me what works and what doesn't? No pitch deck, no hard sell — just your honest take. If after that you decide to stick with it, I'll lock in 10% off your subscription for life on any plan. That offer is my way of saying thank you for the time and the feedback.

If now's a bad time, a one-line ""not interested"" is totally fine. If you're curious, reply to this email or call/text me at (630) 335-7492 and I'll get you set up.","House cleaning service found in the San Diego Google Maps search area; active listing at research time. Independent/local operator likely; ownership details require enrichment. | Email and phone on contact page footer"
"Clearwater Cleaning","Unknown","info@cwcleaning.com","(619) 268-1018","San Diego","San Diego","CA","Residential","http://cwcleaning.com/","Yes","Email","Not a sales pitch — feedback ask for Clearwater Cleaning","Hi there,

I know your inbox is full, so I'll keep this short.

I'm Chris Kendig with Clean Scheduler. We're building scheduling software specifically for residential and commercial cleaning companies — crew schedules, quotes, payments, the day-to-day stuff that usually lives in texts, spreadsheets, and sticky notes. I'm reaching out to owner-operated shops in San Diego and San Diego County because I want real feedback from people who actually run the routes, not a focus group.

I noticed house cleaning service found in the San Diego Google Maps search area; active listing at research time. Independent/local operator likely... — that kind of local operation is exactly who we're trying to learn from.

Would you be open to trying Clean Scheduler for a short stretch and telling me what works and what doesn't? No pitch deck, no hard sell — just your honest take. If after that you decide to stick with it, I'll lock in 10% off your subscription for life on any plan. That offer is my way of saying thank you for the time and the feedback.

If now's a bad time, a one-line ""not interested"" is totally fine. If you're curious, reply to this email or call/text me at (630) 335-7492 and I'll get you set up.","House cleaning service found in the San Diego Google Maps search area; active listing at research time. Independent/local operator likely; ownership details require enrichment. | Email and phone on homepage and contact page"
"Clens Cleaning | House Cleaning Service San Diego","Pat","","(858) 630-3150","San Diego","San Diego","CA","Residential","https://clensclean.com/","No","Phone","","","House cleaning service found in the San Diego Google Maps search area; active listing at research time. Independent/local operator likely; ownership details require enrichment. | Phone on homepage; Pat listed as founder on homepage; no public email"
"Coastal House Cleaning","Jason","info@coastalhouseclean.com","(619) 374-9344","San Diego","San Diego","CA","Residential","https://coastalhouseclean.com/","Yes","Email","Quick question for Coastal House Cleaning","Hi Jason,

I know your inbox is full, so I'll keep this short.

I'm Chris Kendig with Clean Scheduler. We're building scheduling software specifically for residential and commercial cleaning companies — crew schedules, quotes, payments, the day-to-day stuff that usually lives in texts, spreadsheets, and sticky notes. I'm reaching out to owner-operated shops in San Diego and San Diego County because I want real feedback from people who actually run the routes, not a focus group.

I noticed house cleaning service found in the San Diego Google Maps search area; active listing at research time. Independent/local operator likely... — that kind of local operation is exactly who we're trying to learn from.

Would you be open to trying Clean Scheduler for a short stretch and telling me what works and what doesn't? No pitch deck, no hard sell — just your honest take. If after that you decide to stick with it, I'll lock in 10% off your subscription for life on any plan. That offer is my way of saying thank you for the time and the feedback.

If now's a bad time, a one-line ""not interested"" is totally fine. If you're curious, reply to this email or call/text me at (630) 335-7492 and I'll get you set up.","House cleaning service found in the San Diego Google Maps search area; active listing at research time. Independent/local operator likely; ownership details require enrichment. | Email and phone on contact page; Jason and Jessika listed as owners on About page"
"Comforts Cleaning Services","Unknown","inquiry@comfortscleaningservices.com","(619) 621-9872","San Diego","San Diego","CA","Residential","http://comfortscleaningservices.com/","Yes","Email","Not a sales pitch — feedback ask for Comforts Cleaning Services","Hi there,

I know your inbox is full, so I'll keep this short.

I'm Chris Kendig with Clean Scheduler. We're building scheduling software specifically for residential and commercial cleaning companies — crew schedules, quotes, payments, the day-to-day stuff that usually lives in texts, spreadsheets, and sticky notes. I'm reaching out to owner-operated shops in San Diego and San Diego County because I want real feedback from people who actually run the routes, not a focus group.

I noticed house cleaning service found in the San Diego Google Maps search area; active listing at research time. Independent/local operator likely... — that kind of local operation is exactly who we're trying to learn from.

Would you be open to trying Clean Scheduler for a short stretch and telling me what works and what doesn't? No pitch deck, no hard sell — just your honest take. If after that you decide to stick with it, I'll lock in 10% off your subscription for life on any plan. That offer is my way of saying thank you for the time and the feedback.

If now's a bad time, a one-line ""not interested"" is totally fine. If you're curious, reply to this email or call/text me at (630) 335-7492 and I'll get you set up.","House cleaning service found in the San Diego Google Maps search area; active listing at research time. Independent/local operator likely; ownership details require enrichment. | Email and phone on contact and About pages"
"Commercial Cleaning San Diego - Cavalry Cleaning","Unknown","","(619) 320-5432","San Diego","San Diego","CA","Commercial","https://cavalryclean.com/","No","Phone","","","Cleaning service found in the San Diego Google Maps search area; active listing at research time. Independent/local operator likely; ownership details require enrichment. | Phone on About page header; quote form available, no public email"
"Crystal Cleaning Maid Service San Diego","Unknown","crystalcleaningmaidservice@gmail.com","(858) 888-9036","San Diego","San Diego","CA","Residential","https://www.crystalcleaningmaidservice.com/","Yes","Email","Not a sales pitch — feedback ask for Crystal Cleaning Maid Service San Diego","Hi there,

I know your inbox is full, so I'll keep this short.

I'm Chris Kendig with Clean Scheduler. We're building scheduling software specifically for residential and commercial cleaning companies — crew schedules, quotes, payments, the day-to-day stuff that usually lives in texts, spreadsheets, and sticky notes. I'm reaching out to owner-operated shops in San Diego and San Diego County because I want real feedback from people who actually run the routes, not a focus group.

I noticed house cleaning service found in the San Diego Google Maps search area; active listing at research time. Independent/local operator likely... — that kind of local operation is exactly who we're trying to learn from.

Would you be open to trying Clean Scheduler for a short stretch and telling me what works and what doesn't? No pitch deck, no hard sell — just your honest take. If after that you decide to stick with it, I'll lock in 10% off your subscription for life on any plan. That offer is my way of saying thank you for the time and the feedback.

If now's a bad time, a one-line ""not interested"" is totally fine. If you're curious, reply to this email or call/text me at (630) 335-7492 and I'll get you set up.","House cleaning service found in the San Diego Google Maps search area; active listing at research time. Independent/local operator likely; ownership details require enrichment. | Email and phone in homepage schema markup"
"Glisten Co Cleaning Company (Pacific Beach Move Out Cleaning)","Unknown","glistenca@gmail.com","(619) 779-0205","San Diego","San Diego","CA","Residential","https://www.glistenco.com/","Yes","Email","Running a cleaning company in San Diego — 2-minute ask","Hi there,

I know your inbox is full, so I'll keep this short.

I'm Chris Kendig with Clean Scheduler. We're building scheduling software specifically for residential and commercial cleaning companies — crew schedules, quotes, payments, the day-to-day stuff that usually lives in texts, spreadsheets, and sticky notes. I'm reaching out to owner-operated shops in San Diego and San Diego County because I want real feedback from people who actually run the routes, not a focus group.

I noticed house cleaning service found in the San Diego Google Maps search area; active listing at research time. Independent/local operator likely... — that kind of local operation is exactly who we're trying to learn from.

Would you be open to trying Clean Scheduler for a short stretch and telling me what works and what doesn't? No pitch deck, no hard sell — just your honest take. If after that you decide to stick with it, I'll lock in 10% off your subscription for life on any plan. That offer is my way of saying thank you for the time and the feedback.

If now's a bad time, a one-line ""not interested"" is totally fine. If you're curious, reply to this email or call/text me at (630) 335-7492 and I'll get you set up.","House cleaning service found in the San Diego Google Maps search area; active listing at research time. Independent/local operator likely; ownership details require enrichment. | Email and phone on contact page"
"Green Frog House Cleaning","Brian","info@greenfrogcleaning.com","(888) 438-1781","San Diego","San Diego","CA","Residential","https://greenfrogcleaning.com/","Yes","Email","Quick question for Green Frog House Cleaning","Hi Brian,

I know your inbox is full, so I'll keep this short.

I'm Chris Kendig with Clean Scheduler. We're building scheduling software specifically for residential and commercial cleaning companies — crew schedules, quotes, payments, the day-to-day stuff that usually lives in texts, spreadsheets, and sticky notes. I'm reaching out to owner-operated shops in San Diego and San Diego County because I want real feedback from people who actually run the routes, not a focus group.

I noticed house cleaning service found in the San Diego Google Maps search area; active listing at research time. Independent/local operator likely... — that kind of local operation is exactly who we're trying to learn from.

Would you be open to trying Clean Scheduler for a short stretch and telling me what works and what doesn't? No pitch deck, no hard sell — just your honest take. If after that you decide to stick with it, I'll lock in 10% off your subscription for life on any plan. That offer is my way of saying thank you for the time and the feedback.

If now's a bad time, a one-line ""not interested"" is totally fine. If you're curious, reply to this email or call/text me at (630) 335-7492 and I'll get you set up.","House cleaning service found in the San Diego Google Maps search area; active listing at research time. Independent/local operator likely; ownership details require enrichment. | Brian Nilles co-owner; email and phone on homepage"
"Green Maids in San Diego","Unknown","info@sdgreenmaids.com","(619) 709-3810","San Diego","San Diego","CA","Residential","https://www.sdgreenmaids.com/","Yes","Email","Not a sales pitch — feedback ask for Green Maids in San Diego","Hi there,

I know your inbox is full, so I'll keep this short.

I'm Chris Kendig with Clean Scheduler. We're building scheduling software specifically for residential and commercial cleaning companies — crew schedules, quotes, payments, the day-to-day stuff that usually lives in texts, spreadsheets, and sticky notes. I'm reaching out to owner-operated shops in San Diego and San Diego County because I want real feedback from people who actually run the routes, not a focus group.

I noticed house cleaning service found in the San Diego Google Maps search area; active listing at research time. Independent/local operator likely... — that kind of local operation is exactly who we're trying to learn from.

Would you be open to trying Clean Scheduler for a short stretch and telling me what works and what doesn't? No pitch deck, no hard sell — just your honest take. If after that you decide to stick with it, I'll lock in 10% off your subscription for life on any plan. That offer is my way of saying thank you for the time and the feedback.

If now's a bad time, a one-line ""not interested"" is totally fine. If you're curious, reply to this email or call/text me at (630) 335-7492 and I'll get you set up.","House cleaning service found in the San Diego Google Maps search area; active listing at research time. Independent/local operator likely; ownership details require enrichment. | Email and phone on contact page"
"Klean And Fresh Housekeeping","Unknown","contact@kleanandfresh.com","(619) 346-1985","San Diego","San Diego","CA","Residential","https://carmelvalleyhousecleaning.com/","Yes","Email","Running a cleaning company in San Diego — 2-minute ask","Hi there,

I know your inbox is full, so I'll keep this short.

I'm Chris Kendig with Clean Scheduler. We're building scheduling software specifically for residential and commercial cleaning companies — crew schedules, quotes, payments, the day-to-day stuff that usually lives in texts, spreadsheets, and sticky notes. I'm reaching out to owner-operated shops in San Diego and San Diego County because I want real feedback from people who actually run the routes, not a focus group.

I noticed house cleaning service found in the San Diego Google Maps search area; active listing at research time. Independent/local operator likely... — that kind of local operation is exactly who we're trying to learn from.

Would you be open to trying Clean Scheduler for a short stretch and telling me what works and what doesn't? No pitch deck, no hard sell — just your honest take. If after that you decide to stick with it, I'll lock in 10% off your subscription for life on any plan. That offer is my way of saying thank you for the time and the feedback.

If now's a bad time, a one-line ""not interested"" is totally fine. If you're curious, reply to this email or call/text me at (630) 335-7492 and I'll get you set up.","House cleaning service found in the San Diego Google Maps search area; active listing at research time. Independent/local operator likely; ownership details require enrichment. | Email and phone on homepage footer"
"La Clean House, San Diego, CA","Unknown","info@lacleanhouse.com","(858) 525-4929","San Diego","San Diego","CA","Residential","https://lacleanhouse.com/","Yes","Email","Quick question for La Clean House, San Diego, CA","Hi there,

I know your inbox is full, so I'll keep this short.

I'm Chris Kendig with Clean Scheduler. We're building scheduling software specifically for residential and commercial cleaning companies — crew schedules, quotes, payments, the day-to-day stuff that usually lives in texts, spreadsheets, and sticky notes. I'm reaching out to owner-operated shops in San Diego and San Diego County because I want real feedback from people who actually run the routes, not a focus group.

I noticed house cleaning service found in the San Diego Google Maps search area; active listing at research time. Independent/local operator likely... — that kind of local operation is exactly who we're trying to learn from.

Would you be open to trying Clean Scheduler for a short stretch and telling me what works and what doesn't? No pitch deck, no hard sell — just your honest take. If after that you decide to stick with it, I'll lock in 10% off your subscription for life on any plan. That offer is my way of saying thank you for the time and the feedback.

If now's a bad time, a one-line ""not interested"" is totally fine. If you're curious, reply to this email or call/text me at (630) 335-7492 and I'll get you set up.","House cleaning service found in the San Diego Google Maps search area; active listing at research time. Independent/local operator likely; ownership details require enrichment. | Email and phone on homepage"
"LA Maid Service & House Cleaners","Unknown","contact@losangeleshousecleaners.net","(858) 667-5245","San Diego","San Diego","CA","Residential","https://www.losangeleshousecleaners.net/san-diego-ca","Yes","Email","Not a sales pitch — feedback ask for LA Maid Service & House Cleaners","Hi there,

I know your inbox is full, so I'll keep this short.

I'm Chris Kendig with Clean Scheduler. We're building scheduling software specifically for residential and commercial cleaning companies — crew schedules, quotes, payments, the day-to-day stuff that usually lives in texts, spreadsheets, and sticky notes. I'm reaching out to owner-operated shops in San Diego and San Diego County because I want real feedback from people who actually run the routes, not a focus group.

I noticed house cleaning service found in the San Diego Google Maps search area; active listing at research time. Independent/local operator likely... — that kind of local operation is exactly who we're trying to learn from.

Would you be open to trying Clean Scheduler for a short stretch and telling me what works and what doesn't? No pitch deck, no hard sell — just your honest take. If after that you decide to stick with it, I'll lock in 10% off your subscription for life on any plan. That offer is my way of saying thank you for the time and the feedback.

If now's a bad time, a one-line ""not interested"" is totally fine. If you're curious, reply to this email or call/text me at (630) 335-7492 and I'll get you set up.","House cleaning service found in the San Diego Google Maps search area; active listing at research time. Independent/local operator likely; ownership details require enrichment. | Email and SD phone on San Diego location page"
"MagiCleanMaid","Unknown","magicleanmaid1@gmail.com","(619) 877-9657","San Diego","San Diego","CA","Residential","http://www.magicleanmaid.com/","Yes","Email","Running a cleaning company in San Diego — 2-minute ask","Hi there,

I know your inbox is full, so I'll keep this short.

I'm Chris Kendig with Clean Scheduler. We're building scheduling software specifically for residential and commercial cleaning companies — crew schedules, quotes, payments, the day-to-day stuff that usually lives in texts, spreadsheets, and sticky notes. I'm reaching out to owner-operated shops in San Diego and San Diego County because I want real feedback from people who actually run the routes, not a focus group.

I noticed house cleaning service found in the San Diego Google Maps search area; active listing at research time. Independent/local operator likely... — that kind of local operation is exactly who we're trying to learn from.

Would you be open to trying Clean Scheduler for a short stretch and telling me what works and what doesn't? No pitch deck, no hard sell — just your honest take. If after that you decide to stick with it, I'll lock in 10% off your subscription for life on any plan. That offer is my way of saying thank you for the time and the feedback.

If now's a bad time, a one-line ""not interested"" is totally fine. If you're curious, reply to this email or call/text me at (630) 335-7492 and I'll get you set up.","House cleaning service found in the San Diego Google Maps search area; active listing at research time. Independent/local operator likely; ownership details require enrichment. | Email and phone on contact page"
"Maid 2 Clean San Diego","Unknown","maid2cleansd@gmail.com","(858) 461-8680","San Diego","San Diego","CA","Residential","https://www.maid2cleansd.com/","Yes","Email","Quick question for Maid 2 Clean San Diego","Hi there,

I know your inbox is full, so I'll keep this short.

I'm Chris Kendig with Clean Scheduler. We're building scheduling software specifically for residential and commercial cleaning companies — crew schedules, quotes, payments, the day-to-day stuff that usually lives in texts, spreadsheets, and sticky notes. I'm reaching out to owner-operated shops in San Diego and San Diego County because I want real feedback from people who actually run the routes, not a focus group.

I noticed house cleaning service found in the San Diego Google Maps search area; active listing at research time. Independent/local operator likely... — that kind of local operation is exactly who we're trying to learn from.

Would you be open to trying Clean Scheduler for a short stretch and telling me what works and what doesn't? No pitch deck, no hard sell — just your honest take. If after that you decide to stick with it, I'll lock in 10% off your subscription for life on any plan. That offer is my way of saying thank you for the time and the feedback.

If now's a bad time, a one-line ""not interested"" is totally fine. If you're curious, reply to this email or call/text me at (630) 335-7492 and I'll get you set up.","House cleaning service found in the San Diego Google Maps search area; active listing at research time. Independent/local operator likely; ownership details require enrichment. | Email and phone on homepage"
"Maid In America","Unknown","","(619) 291-5000","San Diego","San Diego","CA","Residential","http://www.maidinamerica.com/","No","Phone","","","House cleaning service found in the San Diego Google Maps search area; active listing at research time. Independent/local operator likely; ownership details require enrichment. | Phone on homepage; family-owned per about page, no public email"
"Maid Nice","Unknown","","(619) 374-6213","San Diego","San Diego","CA","Residential","https://maidnicesandiego.com/","No","Phone","","","House cleaning service found in the San Diego Google Maps search area; active listing at research time. Independent/local operator likely; ownership details require enrichment. | Phone on homepage and contact; quote form only, no public email"
"Mexi Maids Cleaning","Unknown","info@meximaids.net","(619) 777-2063","San Diego","San Diego","CA","Residential","http://meximaidscleaningsandiego.com/","Yes","Email","Quick question for Mexi Maids Cleaning","Hi there,

I know your inbox is full, so I'll keep this short.

I'm Chris Kendig with Clean Scheduler. We're building scheduling software specifically for residential and commercial cleaning companies — crew schedules, quotes, payments, the day-to-day stuff that usually lives in texts, spreadsheets, and sticky notes. I'm reaching out to owner-operated shops in San Diego and San Diego County because I want real feedback from people who actually run the routes, not a focus group.

I noticed house cleaning service found in the San Diego Google Maps search area; active listing at research time. Independent/local operator likely... — that kind of local operation is exactly who we're trying to learn from.

Would you be open to trying Clean Scheduler for a short stretch and telling me what works and what doesn't? No pitch deck, no hard sell — just your honest take. If after that you decide to stick with it, I'll lock in 10% off your subscription for life on any plan. That offer is my way of saying thank you for the time and the feedback.

If now's a bad time, a one-line ""not interested"" is totally fine. If you're curious, reply to this email or call/text me at (630) 335-7492 and I'll get you set up.","House cleaning service found in the San Diego Google Maps search area; active listing at research time. Independent/local operator likely; ownership details require enrichment. | Email and phone on homepage footer"
"Miranda’s Affordable House Cleaning","Miranda","","(619) 812-0010","Chula Vista","San Diego","CA","Residential","https://cleaningservice-chulavista.com/","No","Phone","","","House cleaning service found in the Chula Vista Google Maps search area; active listing at research time. Independent/local operator likely; ownership details require enrichment. | Miranda named on about page; phone on homepage, no public email"
"Monas House Cleaning","Mona","","(858) 267-8747","San Diego","San Diego","CA","Residential","http://www.monashousecleaning.net/","No","Phone","","","House cleaning service found in the San Diego Google Maps search area; active listing at research time. Independent/local operator likely; ownership details require enrichment. | Mona family-owned per about page; phone in header, no public email"
"OneTouch Cleaners - San Diego","Unknown","info@onetouchcleaners.com","(619) 618-4137","San Diego","San Diego","CA","Residential","https://www.onetouchcleaners.com/","Yes","Email","Quick question for OneTouch Cleaners - San Diego","Hi there,

I know your inbox is full, so I'll keep this short.

I'm Chris Kendig with Clean Scheduler. We're building scheduling software specifically for residential and commercial cleaning companies — crew schedules, quotes, payments, the day-to-day stuff that usually lives in texts, spreadsheets, and sticky notes. I'm reaching out to owner-operated shops in San Diego and San Diego County because I want real feedback from people who actually run the routes, not a focus group.

I noticed house cleaning service found in the San Diego Google Maps search area; active listing at research time. Independent/local operator likely... — that kind of local operation is exactly who we're trying to learn from.

Would you be open to trying Clean Scheduler for a short stretch and telling me what works and what doesn't? No pitch deck, no hard sell — just your honest take. If after that you decide to stick with it, I'll lock in 10% off your subscription for life on any plan. That offer is my way of saying thank you for the time and the feedback.

If now's a bad time, a one-line ""not interested"" is totally fine. If you're curious, reply to this email or call/text me at (630) 335-7492 and I'll get you set up.","House cleaning service found in the San Diego Google Maps search area; active listing at research time. Independent/local operator likely; ownership details require enrichment. | Email and phone on homepage footer"
"San Diego Cleaning Services","Unknown","info@sandiegocleaningservices.net","(858) 298-3544","San Diego","San Diego","CA","Residential","https://www.sandiegocleaningservices.net/","Yes","Email","Running a cleaning company in San Diego — 2-minute ask","Hi there,

I know your inbox is full, so I'll keep this short.

I'm Chris Kendig with Clean Scheduler. We're building scheduling software specifically for residential and commercial cleaning companies — crew schedules, quotes, payments, the day-to-day stuff that usually lives in texts, spreadsheets, and sticky notes. I'm reaching out to owner-operated shops in San Diego and San Diego County because I want real feedback from people who actually run the routes, not a focus group.

I noticed house cleaning service found in the San Diego Google Maps search area; active listing at research time. Independent/local operator likely... — that kind of local operation is exactly who we're trying to learn from.

Would you be open to trying Clean Scheduler for a short stretch and telling me what works and what doesn't? No pitch deck, no hard sell — just your honest take. If after that you decide to stick with it, I'll lock in 10% off your subscription for life on any plan. That offer is my way of saying thank you for the time and the feedback.

If now's a bad time, a one-line ""not interested"" is totally fine. If you're curious, reply to this email or call/text me at (630) 335-7492 and I'll get you set up.","House cleaning service found in the San Diego Google Maps search area; active listing at research time. Independent/local operator likely; ownership details require enrichment. | Email and phone on homepage footer"
"San Diego House Cleaning by The Mighty Maids","Unknown","clean@themightymaids.net","(619) 257-3098","San Diego","San Diego","CA","Residential","https://sandiegomightymaids.com/","Yes","Email","Quick question for San Diego House Cleaning by The Mighty Maids","Hi there,

I know your inbox is full, so I'll keep this short.

I'm Chris Kendig with Clean Scheduler. We're building scheduling software specifically for residential and commercial cleaning companies — crew schedules, quotes, payments, the day-to-day stuff that usually lives in texts, spreadsheets, and sticky notes. I'm reaching out to owner-operated shops in San Diego and San Diego County because I want real feedback from people who actually run the routes, not a focus group.

I noticed house cleaning service found in the San Diego Google Maps search area; active listing at research time. Independent/local operator likely... — that kind of local operation is exactly who we're trying to learn from.

Would you be open to trying Clean Scheduler for a short stretch and telling me what works and what doesn't? No pitch deck, no hard sell — just your honest take. If after that you decide to stick with it, I'll lock in 10% off your subscription for life on any plan. That offer is my way of saying thank you for the time and the feedback.

If now's a bad time, a one-line ""not interested"" is totally fine. If you're curious, reply to this email or call/text me at (630) 335-7492 and I'll get you set up.","House cleaning service found in the San Diego Google Maps search area; active listing at research time. Independent/local operator likely; ownership details require enrichment. | Contact page email and phone listed"
"San Diego House Cleaning Service LLC","Unknown","info@sandiegohousecleaningservice.com","(619) 314-4495","San Diego","San Diego","CA","Residential","https://www.sandiegohousecleaningservice.com/","Yes","Email","Not a sales pitch — feedback ask for San Diego House Cleaning Service LLC","Hi there,

I know your inbox is full, so I'll keep this short.

I'm Chris Kendig with Clean Scheduler. We're building scheduling software specifically for residential and commercial cleaning companies — crew schedules, quotes, payments, the day-to-day stuff that usually lives in texts, spreadsheets, and sticky notes. I'm reaching out to owner-operated shops in San Diego and San Diego County because I want real feedback from people who actually run the routes, not a focus group.

I noticed house cleaning service found in the San Diego Google Maps search area; active listing at research time. Independent/local operator likely... — that kind of local operation is exactly who we're trying to learn from.

Would you be open to trying Clean Scheduler for a short stretch and telling me what works and what doesn't? No pitch deck, no hard sell — just your honest take. If after that you decide to stick with it, I'll lock in 10% off your subscription for life on any plan. That offer is my way of saying thank you for the time and the feedback.

If now's a bad time, a one-line ""not interested"" is totally fine. If you're curious, reply to this email or call/text me at (630) 335-7492 and I'll get you set up.","House cleaning service found in the San Diego Google Maps search area; active listing at research time. Independent/local operator likely; ownership details require enrichment. | Homepage contact section email and phone"
"San Diego Housekeeping Corp.","Rosi","sdhosolutions@gmail.com","(619) 381-1322","San Diego","San Diego","CA","Residential","https://sandiegosolutions.net/","Yes","Email","Running a cleaning company in San Diego — 2-minute ask","Hi Rosi,

I know your inbox is full, so I'll keep this short.

I'm Chris Kendig with Clean Scheduler. We're building scheduling software specifically for residential and commercial cleaning companies — crew schedules, quotes, payments, the day-to-day stuff that usually lives in texts, spreadsheets, and sticky notes. I'm reaching out to owner-operated shops in San Diego and San Diego County because I want real feedback from people who actually run the routes, not a focus group.

I noticed house cleaning service found in the San Diego Google Maps search area; active listing at research time. Independent/local operator likely... — that kind of local operation is exactly who we're trying to learn from.

Would you be open to trying Clean Scheduler for a short stretch and telling me what works and what doesn't? No pitch deck, no hard sell — just your honest take. If after that you decide to stick with it, I'll lock in 10% off your subscription for life on any plan. That offer is my way of saying thank you for the time and the feedback.

If now's a bad time, a one-line ""not interested"" is totally fine. If you're curious, reply to this email or call/text me at (630) 335-7492 and I'll get you set up.","House cleaning service found in the San Diego Google Maps search area; active listing at research time. Independent/local operator likely; ownership details require enrichment. | About page names owner Rosi Barbosa; contact email phone"
"San Diego Short Term Rental Cleaning LLC","Unknown","admin@sdstrcleaning.com","(858) 365-9910","San Diego","San Diego","CA","Residential","https://www.sdstrcleaning.com/","Yes","Email","Quick question for San Diego Short Term Rental Cleaning LLC","Hi there,

I know your inbox is full, so I'll keep this short.

I'm Chris Kendig with Clean Scheduler. We're building scheduling software specifically for residential and commercial cleaning companies — crew schedules, quotes, payments, the day-to-day stuff that usually lives in texts, spreadsheets, and sticky notes. I'm reaching out to owner-operated shops in San Diego and San Diego County because I want real feedback from people who actually run the routes, not a focus group.

I noticed house cleaning service found in the San Diego Google Maps search area; active listing at research time. Independent/local operator likely... — that kind of local operation is exactly who we're trying to learn from.

Would you be open to trying Clean Scheduler for a short stretch and telling me what works and what doesn't? No pitch deck, no hard sell — just your honest take. If after that you decide to stick with it, I'll lock in 10% off your subscription for life on any plan. That offer is my way of saying thank you for the time and the feedback.

If now's a bad time, a one-line ""not interested"" is totally fine. If you're curious, reply to this email or call/text me at (630) 335-7492 and I'll get you set up.","House cleaning service found in the San Diego Google Maps search area; active listing at research time. Independent/local operator likely; ownership details require enrichment. | Footer contact email and phone listed"
"Sparkly Maid San Diego Cleaning Services","Unknown","support@sparklymaidsandiego.com","(858) 227-9414","San Diego","San Diego","CA","Residential","https://www.sparklymaidsandiego.com/","Yes","Email","Not a sales pitch — feedback ask for Sparkly Maid San Diego Cleaning Services","Hi there,

I know your inbox is full, so I'll keep this short.

I'm Chris Kendig with Clean Scheduler. We're building scheduling software specifically for residential and commercial cleaning companies — crew schedules, quotes, payments, the day-to-day stuff that usually lives in texts, spreadsheets, and sticky notes. I'm reaching out to owner-operated shops in San Diego and San Diego County because I want real feedback from people who actually run the routes, not a focus group.

I noticed house cleaning service found in the San Diego Google Maps search area; active listing at research time. Independent/local operator likely... — that kind of local operation is exactly who we're trying to learn from.

Would you be open to trying Clean Scheduler for a short stretch and telling me what works and what doesn't? No pitch deck, no hard sell — just your honest take. If after that you decide to stick with it, I'll lock in 10% off your subscription for life on any plan. That offer is my way of saying thank you for the time and the feedback.

If now's a bad time, a one-line ""not interested"" is totally fine. If you're curious, reply to this email or call/text me at (630) 335-7492 and I'll get you set up.","House cleaning service found in the San Diego Google Maps search area; active listing at research time. Independent/local operator likely; ownership details require enrichment. | Homepage footer support email and phone"
"Spiffy Home Cleaning","Unknown","hello@spiffyhomecleaning.com","(619) 389-2012","San Diego","San Diego","CA","Residential","https://www.spiffyhomecleaning.com/","Yes","Email","Running a cleaning company in San Diego — 2-minute ask","Hi there,

I know your inbox is full, so I'll keep this short.

I'm Chris Kendig with Clean Scheduler. We're building scheduling software specifically for residential and commercial cleaning companies — crew schedules, quotes, payments, the day-to-day stuff that usually lives in texts, spreadsheets, and sticky notes. I'm reaching out to owner-operated shops in San Diego and San Diego County because I want real feedback from people who actually run the routes, not a focus group.

I noticed house cleaning service found in the San Diego Google Maps search area; active listing at research time. Independent/local operator likely... — that kind of local operation is exactly who we're trying to learn from.

Would you be open to trying Clean Scheduler for a short stretch and telling me what works and what doesn't? No pitch deck, no hard sell — just your honest take. If after that you decide to stick with it, I'll lock in 10% off your subscription for life on any plan. That offer is my way of saying thank you for the time and the feedback.

If now's a bad time, a one-line ""not interested"" is totally fine. If you're curious, reply to this email or call/text me at (630) 335-7492 and I'll get you set up.","House cleaning service found in the San Diego Google Maps search area; active listing at research time. Independent/local operator likely; ownership details require enrichment. | Contact page hello email and phone listed"
"Strictly Maids","Unknown","strictlymaids@gmail.com","(619) 742-8268","Chula Vista","San Diego","CA","Residential","http://www.strictlymaids.com/","Yes","Email","Quick question for Strictly Maids","Hi there,

I know your inbox is full, so I'll keep this short.

I'm Chris Kendig with Clean Scheduler. We're building scheduling software specifically for residential and commercial cleaning companies — crew schedules, quotes, payments, the day-to-day stuff that usually lives in texts, spreadsheets, and sticky notes. I'm reaching out to owner-operated shops in Chula Vista and San Diego County because I want real feedback from people who actually run the routes, not a focus group.

I noticed house cleaning service found in the Chula Vista Google Maps search area; active listing at research time. Independent/local operator like... — that kind of local operation is exactly who we're trying to learn from.

Would you be open to trying Clean Scheduler for a short stretch and telling me what works and what doesn't? No pitch deck, no hard sell — just your honest take. If after that you decide to stick with it, I'll lock in 10% off your subscription for life on any plan. That offer is my way of saying thank you for the time and the feedback.

If now's a bad time, a one-line ""not interested"" is totally fine. If you're curious, reply to this email or call/text me at (630) 335-7492 and I'll get you set up.","House cleaning service found in the Chula Vista Google Maps search area; active listing at research time. Independent/local operator likely; ownership details require enrichment. | Contact page Gmail and phone listed"
"The Clean Sweet Home Cleaning Services","Lindsay","","(619) 859-7298","Chula Vista","San Diego","CA","Residential","http://www.thecleansweethome.com/","No","Website form","","","House cleaning service found in the Chula Vista Google Maps search area; active listing at research time. Independent/local operator likely; ownership details require enrichment. | Domain redirects to Clean Spaces SD; About names Lindsay and Malea; contact form only"
"The Full Clean","Unknown","wecare@the-fullclean.com","(619) 815-7736","Chula Vista","San Diego","CA","Residential","https://the-fullclean.com/","Yes","Email","Running a cleaning company in Chula Vista — 2-minute ask","Hi there,

I know your inbox is full, so I'll keep this short.

I'm Chris Kendig with Clean Scheduler. We're building scheduling software specifically for residential and commercial cleaning companies — crew schedules, quotes, payments, the day-to-day stuff that usually lives in texts, spreadsheets, and sticky notes. I'm reaching out to owner-operated shops in Chula Vista and San Diego County because I want real feedback from people who actually run the routes, not a focus group.

I noticed house cleaning service found in the Chula Vista Google Maps search area; active listing at research time. Independent/local operator like... — that kind of local operation is exactly who we're trying to learn from.

Would you be open to trying Clean Scheduler for a short stretch and telling me what works and what doesn't? No pitch deck, no hard sell — just your honest take. If after that you decide to stick with it, I'll lock in 10% off your subscription for life on any plan. That offer is my way of saying thank you for the time and the feedback.

If now's a bad time, a one-line ""not interested"" is totally fine. If you're curious, reply to this email or call/text me at (630) 335-7492 and I'll get you set up.","House cleaning service found in the Chula Vista Google Maps search area; active listing at research time. Independent/local operator likely; ownership details require enrichment. | Contact page wecare email and phone listed"
"The Maids of San Diego","Unknown","","(858) 434-1186","San Diego","San Diego","CA","Residential","https://www.maids.com/45/","No","Phone","","","House cleaning service found in the San Diego Google Maps search area; active listing at research time. Local franchise operator; ownership details require enrichment. | Local franchise page lists SD phone; quote form no public email"
"Weekend Maids","Unknown","","(858) 271-4800","San Diego","San Diego","CA","Residential","https://weekendmaids.net/san-diego-county/","No","Phone","","","House cleaning service found in the San Diego Google Maps search area; active listing at research time. Independent/local operator likely; ownership details require enrichment. | San Diego county page lists local phone; no public email"
"Wepa Commercial Cleaning LLC","Francisco","wepacommercialcleaning@gmail.com","(619) 853-7439","Chula Vista","San Diego","CA","Commercial","http://www.wepacc.com/","Yes","Email","Quick question for Wepa Commercial Cleaning LLC","Hi Francisco,

I know your inbox is full, so I'll keep this short.

I'm Chris Kendig with Clean Scheduler. We're building scheduling software specifically for residential and commercial cleaning companies — crew schedules, quotes, payments, the day-to-day stuff that usually lives in texts, spreadsheets, and sticky notes. I'm reaching out to owner-operated shops in Chula Vista and San Diego County because I want real feedback from people who actually run the routes, not a focus group.

I noticed cleaning service found in the Chula Vista Google Maps search area; active listing at research time. Independent/local operator likely; ow... — that kind of local operation is exactly who we're trying to learn from.

Would you be open to trying Clean Scheduler for a short stretch and telling me what works and what doesn't? No pitch deck, no hard sell — just your honest take. If after that you decide to stick with it, I'll lock in 10% off your subscription for life on any plan. That offer is my way of saying thank you for the time and the feedback.

If now's a bad time, a one-line ""not interested"" is totally fine. If you're curious, reply to this email or call/text me at (630) 335-7492 and I'll get you set up.","Cleaning service found in the Chula Vista Google Maps search area; active listing at research time. Independent/local operator likely; ownership details require enrichment. | Homepage names Francisco Rivera; Gmail and phone listed"
"WHB Cleaning","Justin","hello@whbcleaning.com","(619) 345-0043","San Diego","San Diego","CA","Residential","http://www.whbcleaning.com/","Yes","Email","Not a sales pitch — feedback ask for WHB Cleaning","Hi Justin,

I know your inbox is full, so I'll keep this short.

I'm Chris Kendig with Clean Scheduler. We're building scheduling software specifically for residential and commercial cleaning companies — crew schedules, quotes, payments, the day-to-day stuff that usually lives in texts, spreadsheets, and sticky notes. I'm reaching out to owner-operated shops in San Diego and San Diego County because I want real feedback from people who actually run the routes, not a focus group.

I noticed house cleaning service found in the San Diego Google Maps search area; active listing at research time. Independent/local operator likely... — that kind of local operation is exactly who we're trying to learn from.

Would you be open to trying Clean Scheduler for a short stretch and telling me what works and what doesn't? No pitch deck, no hard sell — just your honest take. If after that you decide to stick with it, I'll lock in 10% off your subscription for life on any plan. That offer is my way of saying thank you for the time and the feedback.

If now's a bad time, a one-line ""not interested"" is totally fine. If you're curious, reply to this email or call/text me at (630) 335-7492 and I'll get you set up.","House cleaning service found in the San Diego Google Maps search area; active listing at research time. Independent/local operator likely; ownership details require enrichment. | About page names owners Justin and Amerie; hello email phone"
